product_name;producto_code;Suma de stock_actual;Suma de inventario_ideal;sucursal_nombre;clasificacion;Suma de valor_stock_actual;Suma de valor_stock_ideal;categoria_producto
DAB08180025;025 DA8180;146;0;CALI;C;1646547.12;0;Filtro
DAE04485025;025 DA4485;60;0;CALI;C;1340506.2;0;Filtro
DAR03485025;025 DA3485;59;1;CALI;C;1561535.3;26466.7;Filtro
DLS00457189;189 GS457;53;1;CALI;C;385581.89;7275.13;Filtro
DAB14666025;025 DA4666A;50;0;CALI;C;467538.5;0;Filtro
DAB14772025;025 DA4772A;50;0;CALI;C;379812.5;0;Filtro
DCS10168189;189 GS168A1;38;1;CALI;C;682427.94;17958.63;Filtro
DAE04190025;025 DA4190;37;2;CALI;C;872884.02;47182.92;Filtro
DAB02021025;025 DA2021;36;1;CALI;C;699991.2;19444.2;Filtro
DAB04021025;025 DA4021;36;1;CALI;C;320718.96;8908.86;Filtro
DAE01127189;189 GA1127;32;2;CALI;C;246117.76;15382.36;Filtro
BLS10021125;125 BT217;31;2;CALI;C;737500.23;47580.66;Filtro
DAB08009025;025 DA8009;31;1;CALI;C;1410264.09;45492.39;Filtro
DAR02124025;025 DA2124;31;1;CALI;C;1288384.49;41560.79;Filtro
DLS00552189;189 GS552;31;0;CALI;C;124804.76;0;Filtro
DCE00937189;189 G937;30;0;CALI;C;230336.1;0;Filtro
DLS00070189;189 GS070;30;2;CALI;C;110079;7338.6;Filtro
DLS00145189;189 GS145;30;3;CALI;C;107771.4;10777.14;Filtro
DAC00038189;189 DAC038;29;0;CALI;C;172753;0;Filtro
DAE01072189;189 GA1072;29;1;CALI;C;144496.27;4982.63;Filtro
BCE00331125;125 PF717;28;1;CALI;C;505317.68;18047.06;Filtro
BCS00080125;125 BF912;27;0;CALI;C;1502637.75;0;Filtro
BHS00066125;125 BT83910;27;0;CALI;C;611461.98;0;Filtro
DAB08199025;025 DA8199;27;1;CALI;C;590244.84;21860.92;Filtro
BCS00063125;125 BF5810;26;2;CALI;C;494290.68;38022.36;Filtro
DCS00091189;189 GS091;26;2;CALI;C;157000.22;12076.94;Filtro
DLE00948189;189 G948;26;3;CALI;C;182702;21081;Filtro
DAB08007025;025 DA8007;25;1;CALI;C;492575.75;19703.03;Filtro
DAB18137025;025 DA8137UHE;25;0;CALI;C;3107346.75;0;Filtro
DCE20129138;138 2010PM;25;2;CALI;C;667469.5;53397.56;Filtro
BCS00705125;125 BF46122;24;0;CALI;C;2938972.32;0;Filtro
DAB02025025;025 DA2025;24;1;CALI;C;530581.68;22107.57;Filtro
DAB18093025;025 DA8093UHE;24;0;CALI;C;2045666.88;0;Filtro
BCS00363125;125 BF7814;22;1;CALI;C;1164596.18;52936.19;Filtro
DAB02995025;025 DA2995;22;0;CALI;C;356988.28;0;Filtro
DCS00243189;189 GS243;22;0;CALI;C;435205.1;0;Filtro
DLS00738189;189 GS738;22;1;CALI;C;208727.64;9487.62;Filtro
BCS00440125;125 BF7677D;21;1;CALI;C;796250.91;37916.71;Filtro
BLE00026125;125 P242;21;0;CALI;C;1106794.5;0;Filtro
BLS00459125;125 B7350;21;0;CALI;C;892840.62;0;Filtro
DAE04066025;025 DA4066;21;1;CALI;C;250850.46;11945.26;Filtro
DCE00797189;189 G797;21;1;CALI;C;135171.54;6436.74;Filtro
BCE00772125;125 PF7779;20;0;CALI;C;787254.6;0;Filtro
BLE00767125;125 P7442;20;1;CALI;C;176605.8;8830.29;Filtro
DCE00128138;138 2040V2;20;0;CALI;C;580670.8;0;Filtro
DCE00991189;189 G991;20;0;CALI;C;181652.4;0;Filtro
DLS00295189;189 GS295;20;1;CALI;C;305007.6;15250.38;Filtro
BAP08109125;125 CA5450;19;0;CALI;C;2182669.08;0;Filtro
BCE00603125;125 PF7680;19;0;CALI;C;463518.11;0;Filtro
DAR02317025;025 DA2317;19;2;CALI;C;483465.45;50891.1;Filtro
DLS00658189;189 GS658;19;2;CALI;C;133715.92;14075.36;Filtro
BCS00114125;125 BF7998;18;0;CALI;C;916101.36;0;Filtro
BCS10104125;125 BF719;18;0;CALI;C;542813.22;0;Filtro
DCE00906189;189 G906;18;1;CALI;C;105814.08;5878.56;Filtro
DCS10014189;189 GS014A;18;1;CALI;C;190091.16;10560.62;Filtro
BCS00034125;125 BF976;17;1;CALI;C;653923.02;38466.06;Filtro
BCS00749125;125 BF7921;17;1;CALI;C;461998.8;27176.4;Filtro
BCS10388125;125 BF7904D;17;1;CALI;C;874104.81;51417.93;Filtro
BHS00337125;125 BT8382;17;1;CALI;C;1513780.3;89045.9;Filtro
BLE00725125;125 P7418;17;0;CALI;C;187823.65;0;Filtro
DAR02132025;025 DA2132;17;1;CALI;C;625205.94;36776.82;Filtro
BCE00782125;125 PF7983;16;2;CALI;C;922587.52;115323.44;Filtro
BCS00285125;125 BF1262;16;2;CALI;C;1711323.04;213915.38;Filtro
BHE00137125;125 P528;16;2;CALI;C;563283.04;70410.38;Filtro
BHS00435125;125 BT8504;16;1;CALI;C;601392.48;37587.03;Filtro
BLS00092125;125 B173S;16;2;CALI;C;235483.84;29435.48;Filtro
DAR02346025;025 DA2346;16;1;CALI;C;744861.44;46553.84;Filtro
DAR02900025;025 DA2900;16;0;CALI;C;321582.88;0;Filtro
BCS00299125;125 BF940;15;1;CALI;C;249787.2;16652.48;Filtro
BCS00647125;125 BF9844;15;0;CALI;C;1111038.6;0;Filtro
BHS00098125;125 BT344S;15;0;CALI;C;444113.85;0;Filtro
BHS00398125;125 BT8488;15;0;CALI;C;1088223.3;0;Filtro
BLE00033125;125 P20HD;15;2;CALI;C;362583.75;48344.5;Filtro
DAB02014025;025 DA2014;15;0;CALI;C;1150866.6;0;Filtro
DAB08152025;025 DA8152;15;0;CALI;C;223602.9;0;Filtro
DAB09196025;025 DA9196;15;3;CALI;C;202011.15;40402.23;Filtro
DAR03068025;025 DA3068;15;2;CALI;C;536048.4;71473.12;Filtro
DAR03071025;025 DA3071;15;2;CALI;C;353037.15;47071.62;Filtro
DLS00307004;004 GS307;15;1;CALI;C;108585;7239;Filtro
BCE00681125;125 BF7693;14;0;CALI;C;303209.06;0;Filtro
BHS00309125;125 BT8803MPG;14;0;CALI;C;1840424.46;0;Filtro
BLS00279125;125 B7131;14;0;CALI;C;403064.2;0;Filtro
BLS00475125;125 B7700;14;1;CALI;C;546317.94;39022.71;Filtro
DAB04025025;025 DA4025;14;1;CALI;C;160518.4;11465.6;Filtro
DAR03258025;025 DA3258;14;0;CALI;C;319455.78;0;Filtro
DLS00264189;189 GS264;14;2;CALI;C;247465.68;35352.24;Filtro
BCE00943125;125 PF7978;13;0;CALI;C;1817198.63;0;Filtro
BCS00011125;125 BF797;13;1;CALI;C;473940.87;36456.99;Filtro
BCS00701125;125 BF7696;13;1;CALI;C;760107.92;58469.84;Filtro
BHS00260125;125 BT38710;13;1;CALI;C;585590.33;45045.41;Filtro
BLE00007125;125 PT670;13;2;CALI;C;216444.67;33299.18;Filtro
BLE00969125;125 P40031MPG;13;0;CALI;C;2461069;0;Filtro
BLS00295125;125 BD7169;13;1;CALI;C;718814.46;55293.42;Filtro
BLS00548125;125 BD7250;13;1;CALI;C;1343306.77;103331.29;Filtro
BLS10052125;125 B301;13;0;CALI;C;178337.25;0;Filtro
DAR02273025;025 DA2273;13;0;CALI;C;1190215.13;0;Filtro
DCS30536137;137 R90-30M;13;1;CALI;C;514817.03;39601.31;Filtro
BAC00223125;125 PA5399;12;0;CALI;C;477744;0;Filtro
BCS00007125;125 BF7683;12;1;CALI;C;201301.56;16775.13;Filtro
BCS00298125;125 BF900;12;2;CALI;C;448483.08;74747.18;Filtro
BCS00689125;125 BF980;12;1;CALI;C;714631.56;59552.63;Filtro
BCS30168125;125 BF1282O;12;0;CALI;C;520356.12;0;Filtro
BHS00686125;125 BT9362MPG;12;1;CALI;C;2010396;167533;Filtro
BLS00086125;125 B75;12;1;CALI;C;572877;47739.75;Filtro
BLS00234125;125 BT267;12;1;CALI;C;320011.92;26667.66;Filtro
DAB04957025;025 DA4957;12;2;CALI;C;213792.48;35632.08;Filtro
DAR02981025;025 DA2981;12;2;CALI;C;386870.64;64478.44;Filtro
DAR04986025;025 DA4986;12;0;CALI;C;191639.88;0;Filtro
DAX00392189;189 GX392;12;1;CALI;C;162228;13519;Filtro
DCE20126138;138 2020V30;12;0;CALI;C;468513.72;0;Filtro
DLE00668189;189 G668;12;2;CALI;C;124894.56;20815.76;Filtro
BCE00606125;125 66;11;1;CALI;C;224640.46;20421.86;Filtro
BCE00781125;125 PF7982;11;1;CALI;C;653015.22;59365.02;Filtro
BHS00640125;125 BT260;11;0;CALI;C;238406.41;0;Filtro
BLS00072125;125 B95;11;2;CALI;C;515526.66;93732.12;Filtro
DAB04864025;025 DA4864;11;3;CALI;C;103730.66;28290.18;Filtro
DAB08011025;025 DA8011;11;1;CALI;C;169954.95;15450.45;Filtro
DAB08053025;025 DA8053;11;1;CALI;C;346850.35;31531.85;Filtro
DAB12768025;025 DA2768UHE;11;0;CALI;C;818480.96;0;Filtro
DAE02244025;025 DA2244;11;0;CALI;C;240447.68;0;Filtro
DAE02923025;025 DA2923;11;1;CALI;C;217965.99;19815.09;Filtro
DAR02264025;025 DA2264;11;1;CALI;C;395787.04;35980.64;Filtro
DCE00047137;137 RC253A;11;1;CALI;C;223980.68;20361.88;Filtro
BAC00224125;125 PA5580;10;1;CALI;C;547055;54705.5;Filtro
BCE00849125;125 PF7687;10;1;CALI;C;251031.7;25103.17;Filtro
BCS00208125;125 BF614;10;1;CALI;C;306079.7;30607.97;Filtro
BCS00282125;125 BF7657;10;2;CALI;C;398888.7;79777.74;Filtro
BCS00559125;125 BF1394SP;10;2;CALI;C;562417.1;112483.42;Filtro
BCS00709125;125 BF46099O;10;0;CALI;C;760084.7;0;Filtro
BCS10082125;125 BF7538;10;1;CALI;C;262402.7;26240.27;Filtro
BHS00316125;125 BT8307MPG;10;1;CALI;C;708653.9;70865.39;Filtro
BHS10167125;125 BT305;10;1;CALI;C;526880.8;52688.08;Filtro
BLS00050125;125 B228;10;2;CALI;C;182827.1;36565.42;Filtro
BLS00541125;125 B7215;10;0;CALI;C;254509.4;0;Filtro
BLS00578125;125 B7419;10;1;CALI;C;157420;15742;Filtro
BLS00732125;125 B7042;10;1;CALI;C;184409.6;18440.96;Filtro
BWS10084125;125 B5176;10;1;CALI;C;290466.7;29046.67;Filtro
DAB08063025;025 DA8063;10;0;CALI;C;277907.3;0;Filtro
DAC00233139;139 DAC233;10;0;CALI;C;230000;0;Otros
DAE00822189;189 GA822;10;1;CALI;C;81563.8;8156.38;Filtro
DAP18175189;189 DA8175;10;2;CALI;C;832511.7;166502.34;Filtro
DAR02017025;025 DA2017;10;1;CALI;C;218595.4;21859.54;Filtro
DAR02133025;025 DA2133;10;0;CALI;C;290817.4;0;Filtro
DCE00990189;189 G990;10;0;CALI;C;96300.5;0;Filtro
DCE30128137;137 2040PM;10;2;CALI;C;205083.4;41016.68;Filtro
DCS00235189;189 GS235;10;1;CALI;C;104674.2;10467.42;Filtro
DLE00634189;189 G634;10;0;CALI;C;52622;0;Filtro
BAS00719125;125 OAS98000;9;0;CALI;C;378611.55;0;Filtro
BCE00203125;125 PF872;9;1;CALI;C;119958.93;13328.77;Filtro
BCS00064125;125 BF592;9;1;CALI;C;199891.62;22210.18;Filtro
BCS00428125;125 BF7853;9;1;CALI;C;760878;84542;Filtro
BCS20364125;125 BF7906D;9;0;CALI;C;388800;0;Filtro
BCX00034125;125 B10AL;9;1;CALI;C;1146472.29;127385.81;Filtro
BLS00042125;125 B27;9;2;CALI;C;138485.16;30774.48;Filtro
BLS10077125;125 B7685;9;1;CALI;C;516626.64;57402.96;Filtro
BWS40078125;125 B5134;9;2;CALI;C;198232.2;44051.6;Filtro
BWS60078125;125 B5089;9;2;CALI;C;172461.96;38324.88;Filtro
DAB02654025;025 DA2654;9;1;CALI;C;477893.61;53099.29;Filtro
DAB04869025;025 DA4869;9;2;CALI;C;95189.94;21153.32;Filtro
DAB08118025;025 DA8118;9;1;CALI;C;402431.67;44714.63;Filtro
DAE01122189;189 GA1122;9;0;CALI;C;83482.56;0;Filtro
DAE04142025;025 DA4142;9;1;CALI;C;152517.06;16946.34;Filtro
DAE04315025;025 DA4315;9;1;CALI;C;190727.19;21191.91;Filtro
DAE09118025;025 DA9118;9;1;CALI;C;246007.89;27334.21;Filtro
DAE09194025;025 DA9194;9;0;CALI;C;238353.57;0;Filtro
DAP08050189;189 DA8050;9;0;CALI;C;491112;0;Filtro
DAR02036025;025 DA2036;9;0;CALI;C;441236.79;0;Filtro
DAR03114025;025 DA3114;9;2;CALI;C;290233.98;64496.44;Filtro
DCE00047125;125 BF884;9;1;CALI;C;311000.04;34555.56;Filtro
DCE00260048;048 PF10;9;2;CALI;C;378144;84032;Otros
DCE00685145;145 3090769;9;1;CALI;C;116826.12;12980.68;Otros
DCS00411189;189 GS411;9;1;CALI;C;89786.43;9976.27;Filtro
DCS00680189;189 GS680;9;2;CALI;C;140017.41;31114.98;Filtro
DLS00024189;189 GS024;9;1;CALI;C;76070.52;8452.28;Filtro
DLS00117189;189 GS117;9;1;CALI;C;87479.82;9719.98;Filtro
BCE00757125;125 BF7912;8;0;CALI;C;687805.92;0;Filtro
BCE00919125;125 BF9915;8;1;CALI;C;250097.76;31262.22;Filtro
BCE01013125;125 PF46003;8;0;CALI;C;1030808;0;Filtro
BCE10256125;125 201W;8;1;CALI;C;278017.28;34752.16;Filtro
BCS00481125;125 BF1272SPS;8;1;CALI;C;626395.12;78299.39;Filtro
BCS00531125;125 BF9894;8;1;CALI;C;295370.56;36921.32;Filtro
BCS10061125;125 BF7772;8;1;CALI;C;257480.96;32185.12;Filtro
BCS10076125;125 BF330;8;1;CALI;C;185243.36;23155.42;Filtro
BHS00454125;125 BT9367MPG;8;1;CALI;C;974528.4;121816.05;Filtro
BHS10073125;125 BT8309MPG;8;2;CALI;C;783950.72;195987.68;Filtro
BLS00002125;125 B6;8;1;CALI;C;128876.88;16109.61;Filtro
BLS00160125;125 B201S;8;0;CALI;C;166810.4;0;Filtro
DAB02736025;025 DA2736;8;1;CALI;C;83255.92;10406.99;Filtro
DAB02780025;025 DA2780;8;2;CALI;C;178781.6;44695.4;Filtro
DAB02887025;025 DA2887;8;1;CALI;C;452836;56604.5;Filtro
DAB04609025;025 DA4609;8;1;CALI;C;8;1;Filtro
DAB08115025;025 DA8115;8;1;CALI;C;109382.72;13672.84;Filtro
DAB09086025;025 DA9086;8;2;CALI;C;235058.24;58764.56;Filtro
DAE04407025;025 DA4407;8;1;CALI;C;234715.28;29339.41;Filtro
DAP09046025;025 DA9046;8;2;CALI;C;75533.84;18883.46;Filtro
DAR02513025;025 DA2513;8;1;CALI;C;662803.84;82850.48;Filtro
DAR08183025;025 DA8183;8;2;CALI;C;262080.56;65520.14;Filtro
DAR09065025;025 DA9065;8;0;CALI;C;250115.44;0;Filtro
DAS07803025;025 DA7803;8;2;CALI;C;257256.56;64314.14;Filtro
DCE00390189;189 G390;8;1;CALI;C;64376.4;8047.05;Filtro
DCE00985189;189 G985;8;2;CALI;C;44316.72;11079.18;Filtro
DCS00242189;189 GS242;8;0;CALI;C;94311.04;0;Filtro
DLE00708189;189 G708;8;1;CALI;C;86080.4;10760.05;Filtro
DLS00052189;189 GS052;8;1;CALI;C;36688.8;4586.1;Filtro
DLS00241189;189 GS241;8;1;CALI;C;71058.4;8882.3;Filtro
DLS00296189;189 GS296;8;0;CALI;C;103018.88;0;Filtro
DLS00665189;189 GS665;8;1;CALI;C;179866.48;22483.31;Filtro
DRQCOOLV035;035 HIDROCOOLV - 1/4;8;0;CALI;C;31552.56;0;Aceite/Lubricante
DWS00303189;189 GS303;8;1;CALI;C;140152;17519;Filtro
BAP08046125;125 CA4702;7;1;CALI;C;981878.66;140268.38;Filtro
BCE00663125;125 PF7761;7;2;CALI;C;321818.07;91948.02;Filtro
BCS00485125;125 BF7956D;7;0;CALI;C;332141.88;0;Filtro
BCS00565125;125 BF7645;7;0;CALI;C;232953.14;0;Filtro
BHE10119125;125 PT207HD10;7;0;CALI;C;176093.19;0;Filtro
BLE00229125;125 P7093;7;1;CALI;C;461097.49;65871.07;Filtro
BLS00018125;125 B262;7;1;CALI;C;211403.43;30200.49;Filtro
BLS00102125;125 BT292;7;1;CALI;C;202056.19;28865.17;Filtro
BLS00241125;125 B7276;7;1;CALI;C;206577.7;29511.1;Filtro
BLS00419125;125 B7181;7;2;CALI;C;176638.7;50468.2;Filtro
DAB02640025;025 DA2640;7;2;CALI;C;200604.18;57315.48;Filtro
DAB02978025;025 DA2978;7;3;CALI;C;98361.41;42154.89;Filtro
DAB04978025;025 DA4978;7;1;CALI;C;86186.31;12312.33;Filtro
DAB08079025;025 DA8079;7;1;CALI;C;282459.38;40351.34;Filtro
DAB09030025;025 DA9030;7;0;CALI;C;218144.85;0;Filtro
DAB09152025;025 DA9152;7;0;CALI;C;84816.9;0;Filtro
DAE04023025;025 DA4023;7;1;CALI;C;259101.22;37014.46;Filtro
DAE04114025;025 DA4114;7;1;CALI;C;196066.08;28009.44;Filtro
DAR02032025;025 DA2032;7;1;CALI;C;199872.4;28553.2;Filtro
DAR02106025;025 DA2106;7;1;CALI;C;336509.67;48072.81;Filtro
DAR02111025;025 DA2111;7;1;CALI;C;501766.37;71680.91;Filtro
DAR02543025;025 DA2543;7;0;CALI;C;320612.74;0;Filtro
DAR02553025;025 DA2553;7;1;CALI;C;613078.27;87582.61;Filtro
DAR02855025;025 DA2855;7;1;CALI;C;262578.33;37511.19;Filtro
DAR03144025;025 DA3144;7;1;CALI;C;231483;33069;Filtro
DAR03241025;025 DA3241;7;1;CALI;C;171405.29;24486.47;Filtro
DAR08045025;025 DA8045;7;1;CALI;C;261907.59;37415.37;Filtro
DAS07828025;025 DA7828;7;1;CALI;C;369515.23;52787.89;Filtro
DCE00046137;137 RC149A;7;0;CALI;C;91968.66;0;Filtro
DCE00609189;189 G609;7;0;CALI;C;108820.53;0;Filtro
DCE00764189;189 G764;7;1;CALI;C;73363.08;10480.44;Filtro
DCE10129138;138 2010TM;7;1;CALI;C;179397.26;25628.18;Filtro
DCS00585138;138 PFF50418;7;1;CALI;C;615085.38;87869.34;Filtro
DCS00627189;189 GS627;7;1;CALI;C;158004.21;22572.03;Filtro
DLE00909136;136 OLP093;7;0;CALI;C;91920.5;0;Otros
DLS00213189;189 GS213;7;3;CALI;C;26563.88;11384.52;Filtro
BAC00124125;125 PA5752;6;0;CALI;C;350715.78;0;Filtro
BCE00125125;125 F950F;6;1;CALI;C;179841.84;29973.64;Filtro
BCE10376125;125 101W;6;0;CALI;C;120478.14;0;Filtro
BCE10443125;125 BF840K1;6;1;CALI;C;55718.28;9286.38;Filtro
BCS00198125;125 BF798;6;1;CALI;C;232265.34;38710.89;Filtro
BCS00270125;125 BF1223O;6;1;CALI;C;601774.02;100295.67;Filtro
BCS10270125;125 BF1223;6;0;CALI;C;405597.24;0;Filtro
BCS10377125;125 BF1395O;6;0;CALI;C;634306.98;0;Filtro
BCS10383125;125 BF1358O;6;1;CALI;C;701807.1;116967.85;Filtro
BCX00079125;125 B10ALBOWL;6;0;CALI;C;358987.2;0;Filtro
BDS00668125;125 BF46039D;6;1;CALI;C;344561.46;57426.91;Filtro
BHE00016125;125 PT93;6;1;CALI;C;158430;26405;Filtro
BHS00325125;125 BT8415;6;1;CALI;C;532301.04;88716.84;Filtro
BHS00327125;125 BT8432MPG;6;0;CALI;C;1020177.18;0;Filtro
BHS00335125;125 BT8851MPG;6;1;CALI;C;779308.44;129884.74;Filtro
BHS00654125;125 BT9370MPG;6;1;CALI;C;733146;122191;Filtro
BHS10113125;125 BT739;6;0;CALI;C;495056.58;0;Filtro
BLS00195125;125 B7121;6;1;CALI;C;422680.74;70446.79;Filtro
BLS00572125;125 B7239;6;0;CALI;C;414622.86;0;Filtro
BLS00590125;125 B7378;6;0;CALI;C;183031.26;0;Filtro
BLS00692125;125 BD40027;6;0;CALI;C;179743.5;0;Filtro
BLS00699125;125 B7503;6;1;CALI;C;636524.88;106087.48;Filtro
DAB02689025;025 DA2689;6;0;CALI;C;275046.36;0;Filtro
DAB02869025;025 DA2869;6;2;CALI;C;140980.98;46993.66;Filtro
DAB02975025;025 DA2975;6;1;CALI;C;83974.38;13995.73;Filtro
DAB04780025;025 DA4780;6;2;CALI;C;79625.7;26541.9;Filtro
DAB04887025;025 DA4887;6;0;CALI;C;181438.44;0;Filtro
DAB04919025;025 DA4919;6;0;CALI;C;140895.42;0;Filtro
DAB08062025;025 DA8062;6;0;CALI;C;199184.88;0;Filtro
DAB08134025;025 DA8134;6;0;CALI;C;131081.64;0;Filtro
DAB08195025;025 DA8195;6;1;CALI;C;327799.98;54633.33;Filtro
DAB09062025;025 DA9062;6;1;CALI;C;137436.6;22906.1;Filtro
DAB09145025;025 DA9145;6;0;CALI;C;124034.88;0;Filtro
DAB12982025;025 DA2982UHE;6;0;CALI;C;428798.7;0;Filtro
DAC00137189;189 DAC137;6;0;CALI;C;33923.1;0;Filtro
DAE02276025;025 DA2276;6;0;CALI;C;1032050.16;0;Filtro
DAE04056025;025 DA4056;6;0;CALI;C;94111.86;0;Filtro
DAE04265025;025 DA4265;6;1;CALI;C;137995.38;22999.23;Filtro
DAE08142025;025 DA8142;6;2;CALI;C;220560.42;73520.14;Filtro
DAR02416025;025 DA2416;6;0;CALI;C;352191.78;0;Filtro
DAR03196025;025 DA3196;6;1;CALI;C;183815.82;30635.97;Filtro
DAR08041025;025 DA8041;6;2;CALI;C;256803.78;85601.26;Filtro
DAS07805025;025 DA7805;6;0;CALI;C;145042.62;0;Filtro
DCE00165145;145 146483EVA;6;0;CALI;C;23951.1;0;Otros
DCE00833118;118 G833;6;1;CALI;C;107370.12;17895.02;Otros
DCS00082189;189 GS082;6;0;CALI;C;36770.76;0;Filtro
DCS00252189;189 GS252;6;2;CALI;C;35717.7;11905.9;Filtro
DCS00272189;189 GS272;6;0;CALI;C;70580.4;0;Filtro
DCS00744136;136 FLP434;6;1;CALI;C;120473.04;20078.84;Otros
DCS20115189;189 GS115;6;1;CALI;C;70185.96;11697.66;Filtro
DHE00922024;024 G922;6;0;CALI;C;466663.32;0;Otros
DLE01024189;189 G1024;6;1;CALI;C;41700;6950;Filtro
DLS00077189;189 GS077;6;1;CALI;C;139482;23247;Filtro
BAP09109125;125 PA5451;5;0;CALI;C;398898.35;0;Filtro
BCE00117125;125 PF834;5;1;CALI;C;110823.6;22164.72;Filtro
BCE00711125;125 PF7899;5;1;CALI;C;355743.45;71148.69;Filtro
BCE00790125;125 PF7984;5;1;CALI;C;337910.75;67582.15;Filtro
BCE00899125;125 PF7896;5;0;CALI;C;267038.4;0;Filtro
BCE10551125;125 151W;5;2;CALI;C;132630.75;53052.3;Filtro
BCS00065125;125 BF593;5;1;CALI;C;95625.6;19125.12;Filtro
BCS00302125;125 BF1256;5;1;CALI;C;120973.85;24194.77;Filtro
BCS00345125;125 BF1258;5;0;CALI;C;199819.9;0;Filtro
BCS00638125;125 BF9847D;5;1;CALI;C;233587.95;46717.59;Filtro
BCS10088125;125 BF971;5;0;CALI;C;100894.75;0;Filtro
BCS10390125;125 BF7925;5;1;CALI;C;249390.8;49878.16;Filtro
BHE00119125;125 PT207HD;5;1;CALI;C;115500.2;23100.04;Filtro
BHS00130125;125 BT367;5;0;CALI;C;170391.05;0;Filtro
BHS10066125;125 BT839;5;1;CALI;C;85314.45;17062.89;Filtro
BLE00726125;125 P7230;5;1;CALI;C;270896.65;54179.33;Filtro
BLS00024125;125 B7431;5;1;CALI;C;98203.8;19640.76;Filtro
BLS00100125;125 BT343;5;1;CALI;C;326041.2;65208.24;Filtro
BLS00217125;125 B7039;5;1;CALI;C;187931.35;37586.27;Filtro
BLS00588125;125 B7385;5;2;CALI;C;190862.95;76345.18;Filtro
DAB02959025;025 DA2959;5;1;CALI;C;104960.1;20992.02;Filtro
DAB04546025;025 DA4546;5;1;CALI;C;61303.45;12260.69;Filtro
DAB04640025;025 DA4640;5;2;CALI;C;83211.7;33284.68;Filtro
DAB04654025;025 DA4654;5;1;CALI;C;111098.9;22219.78;Filtro
DAB05739025;025 DA5739;5;1;CALI;C;120603.7;24120.74;Filtro
DAB08150025;025 DA8150;5;1;CALI;C;132948.2;26589.64;Filtro
DAB08154025;025 DA8154;5;2;CALI;C;101619.75;40647.9;Filtro
DAB09220025;025 DA9220;5;3;CALI;C;37329.75;22397.85;Filtro
DAE00706189;189 GA706;5;0;CALI;C;56049.9;0;Filtro
DAE02439025;025 DA2439;5;2;CALI;C;470358.1;188143.24;Filtro
DAE02653025;025 DA2653;5;1;CALI;C;185309.6;37061.92;Filtro
DAE04047025;025 DA4047;5;1;CALI;C;239331.7;47866.34;Filtro
DAE04517025;025 DA4517;5;2;CALI;C;154585.4;61834.16;Filtro
DAE05381025;025 DA5381;5;1;CALI;C;212170.7;42434.14;Filtro
DAE08260189;189 DA8260;5;1;CALI;C;224020;44804;Filtro
DAR02191025;025 DA2191;5;1;CALI;C;221189.9;44237.98;Filtro
DAR03413025;025 DA3413;5;1;CALI;C;184231.2;36846.24;Filtro
DAR08039025;025 DA8039;5;1;CALI;C;146777.7;29355.54;Filtro
DAR08242025;025 DA8242;5;1;CALI;C;384821.6;76964.32;Filtro
DAS07822025;025 DA7822;5;1;CALI;C;211801.35;42360.27;Filtro
DCE00609137;137 REC672;5;1;CALI;C;165240;33048;Filtro
DCE00663137;137 REC150;5;1;CALI;C;176725;35345;Filtro
DCS00229137;137 RC910FM;5;0;CALI;C;188015;0;Filtro
DCS00495137;137 RC913FM;5;1;CALI;C;220820;44164;Filtro
DCS00727189;189 GS727;5;2;CALI;C;99180;39672;Filtro
DCS10352138;138 R45T;5;0;CALI;C;445214.9;0;Filtro
DLE00664189;189 G664;5;2;CALI;C;82851.8;33140.72;Filtro
BAC00123125;125 PA5697;4;2;CALI;C;228699;114349.5;Filtro
BAC00226125;125 PA5689;4;1;CALI;C;472944;118236;Filtro
BCE00376125;125 101;4;0;CALI;C;73933.64;0;Filtro
BCS00028125;125 BF957D;4;1;CALI;C;92028.44;23007.11;Filtro
BCS00235125;125 BF7532;4;2;CALI;C;225857;112928.5;Filtro
BCS00305125;125 BF9821;4;1;CALI;C;121600.28;30400.07;Filtro
BCS00317125;125 BF7957;4;2;CALI;C;192075.52;96037.76;Filtro
BCS00387125;125 BF7886;4;2;CALI;C;211491.52;105745.76;Filtro
BCS00465125;125 BF7966;4;0;CALI;C;220016.2;0;Filtro
BCS00627125;125 BF9818;4;1;CALI;C;381785.92;95446.48;Filtro
BCS00734125;125 BF781;4;0;CALI;C;142906.28;0;Filtro
BCS00745125;125 BF63000;4;1;CALI;C;279035.36;69758.84;Filtro
BCS10585125;125 BF9898O;4;1;CALI;C;312017.32;78004.33;Filtro
BCS20168125;125 BF1282;4;0;CALI;C;151870.72;0;Filtro
BCS30666125;125 BF9923O;4;0;CALI;C;384338.2;0;Filtro
BHE00995125;125 PT23561MPG;4;0;CALI;C;551445.4;0;Filtro
BHS00101125;125 BT37210;4;0;CALI;C;173280.8;0;Filtro
BHS00176125;125 BT606MPG;4;0;CALI;C;291114.04;0;Filtro
BHS00239125;125 BT8875MPG;4;0;CALI;C;631737;0;Filtro
BHS00635125;125 BT424;4;0;CALI;C;224045.56;0;Filtro
BLE00135125;125 P294;4;1;CALI;C;271038.84;67759.71;Filtro
BLE01012125;125 P174;4;0;CALI;C;75124;0;Filtro
BLS00117125;125 BD28;4;1;CALI;C;176386.92;44096.73;Filtro
BLS00138125;125 B7034;4;2;CALI;C;145625.96;72812.98;Filtro
BLS00144125;125 BC110;4;0;CALI;C;164546.96;0;Filtro
BLS00157125;125 B309;4;2;CALI;C;163691.6;81845.8;Filtro
BLS00297125;125 BC7173;4;0;CALI;C;179632.24;0;Filtro
BLS00402125;125 B7328;4;2;CALI;C;152770.28;76385.14;Filtro
BLS00511125;125 B7409;4;1;CALI;C;211658.4;52914.6;Filtro
BLS00601125;125 BD7252;4;0;CALI;C;334630.56;0;Filtro
DAB02546025;025 DA2546;4;2;CALI;C;100265.92;50132.96;Filtro
DAB02609025;025 DA2609;4;1;CALI;C;4;1;Filtro
DAB02734025;025 DA2734;4;0;CALI;C;135255.8;0;Filtro
DAB02909025;025 DA2909;4;1;CALI;C;193049.24;48262.31;Filtro
DAB04689025;025 DA4689;4;0;CALI;C;99274.72;0;Filtro
DAB04909025;025 DA4909;4;1;CALI;C;125376.2;31344.05;Filtro
DAB08057025;025 DA8057;4;2;CALI;C;168165.28;84082.64;Filtro
DAB08078025;025 DA8078;4;1;CALI;C;198365.36;49591.34;Filtro
DAB08166025;025 DA8166;4;2;CALI;C;170485.84;85242.92;Filtro
DAB08184025;025 DA8184;4;1;CALI;C;144875.08;36218.77;Filtro
DAB08228025;025 DA8228;4;0;CALI;C;192064.16;0;Filtro
DAB09166025;025 DA9166;4;2;CALI;C;109808.36;54904.18;Filtro
DAB09195025;025 DA9195;4;1;CALI;C;102627.96;25656.99;Filtro
DAB12570025;025 DA2570UHE;4;1;CALI;C;66699.16;16674.79;Filtro
DAC00116189;189 DAC116;4;0;CALI;C;22714;0;Filtro
DAC00124025;025 DAC124;4;0;CALI;C;131250.4;0;Filtro
DAC00204189;189 DAC204;4;2;CALI;C;39720;19860;Filtro
DAC00213020;020 DAC213;4;1;CALI;C;56666.92;14166.73;Otros
DAE00868189;189 GA868;4;0;CALI;C;46242.36;0;Filtro
DAE01089189;189 GA1089;4;0;CALI;C;41682.12;0;Filtro
DAE01123189;189 GA1123;4;1;CALI;C;32177.52;8044.38;Filtro
DAE01143136;136 GA1143;4;1;CALI;C;96800;24200;Otros
DAE02522025;025 DA2522;4;1;CALI;C;130240.12;32560.03;Filtro
DAE02988189;189 DA2988;4;1;CALI;C;193896;48474;Filtro
DAE04036025;025 DA4036;4;0;CALI;C;112805.52;0;Filtro
DAE04042025;025 DA4042;4;1;CALI;C;190325.08;47581.27;Filtro
DAE04069025;025 DA4069;4;1;CALI;C;36592.08;9148.02;Filtro
DAE04111025;025 DA4111;4;1;CALI;C;143281;35820.25;Filtro
DAE04413025;025 DA4413;4;0;CALI;C;109536;0;Filtro
DAE04416025;025 DA4416;4;0;CALI;C;148797.72;0;Filtro
DAE04672025;025 DA4672;4;1;CALI;C;40889.68;10222.42;Filtro
DAE09045025;025 DA9045;4;2;CALI;C;69995.44;34997.72;Filtro
DAE09242025;025 DA9242;4;2;CALI;C;157025.6;78512.8;Filtro
DAP09109025;025 DA9109;4;1;CALI;C;25080;6270;Filtro
DAR02046025;025 DA2046;4;0;CALI;C;146485.72;0;Filtro
DAR02140025;025 DA2140;4;2;CALI;C;192624.76;96312.38;Filtro
DAR02142025;025 DA2142;4;1;CALI;C;131000.16;32750.04;Filtro
DAR02176025;025 DA2176;4;2;CALI;C;97162.68;48581.34;Filtro
DAR02693025;025 DA2693;4;1;CALI;C;283302.76;70825.69;Filtro
DAR03430025;025 DA3430;4;1;CALI;C;101535.16;25383.79;Filtro
DAR08013025;025 DA8013;4;0;CALI;C;313065.48;0;Filtro
DAR08048025;025 DA8048;4;0;CALI;C;111469.84;0;Filtro
DAR08194025;025 DA8194;4;0;CALI;C;160753.24;0;Filtro
DAR08226025;025 DA8226;4;1;CALI;C;159235.32;39808.83;Filtro
DAR12523025;025 DA2523UHE;4;0;CALI;C;386707.12;0;Filtro
DAS07808025;025 DA7808;4;1;CALI;C;251965.92;62991.48;Filtro
DAS07823025;025 DA7823;4;0;CALI;C;218673.88;0;Filtro
DCE00761137;137 REC817;4;0;CALI;C;83582.04;0;Filtro
DCE00858137;137 REC153;4;0;CALI;C;130460;0;Filtro
DCE00936189;189 G936;4;2;CALI;C;31559.04;15779.52;Filtro
DCE01020189;189 G1020;4;1;CALI;C;67620;16905;Filtro
DCS00343189;189 GS343;4;0;CALI;C;41951.68;0;Filtro
DCS00585137;137 PFF50418;4;1;CALI;C;344762.16;86190.54;Filtro
DCS00758189;189 GS758;4;2;CALI;C;68420;34210;Filtro
DCS00759137;137 SB12010M;4;1;CALI;C;332772;83193;Filtro
DCS10310189;189 GS310A;4;2;CALI;C;118473.36;59236.68;Filtro
DLE00839189;189 G839;4;1;CALI;C;21001.56;5250.39;Filtro
BAB08174125;125 RS4622;3;1;CALI;C;433928.01;144642.67;Filtro
BAB09009125;125 RS5539;3;1;CALI;C;540190.26;180063.42;Filtro
BAC00121125;125 PA5679;3;0;CALI;C;100353.33;0;Filtro
BAC00214125;125 PA2352;3;1;CALI;C;319372.53;106457.51;Filtro
BAE08128125;125 PA5583;3;1;CALI;C;305783.1;101927.7;Filtro
BAE08201125;125 PA31002;3;1;CALI;C;694088.58;231362.86;Filtro
BAP08050125;125 CA5500;3;0;CALI;C;1189421.94;0;Filtro
BAR08187125;125 CA30132;3;0;CALI;C;951724.53;0;Filtro
BAR09046125;125 PA4704;3;0;CALI;C;391028.25;0;Filtro
BCE00059125;125 PF935;3;0;CALI;C;37721.94;0;Filtro
BCE00471125;125 BF1173;3;0;CALI;C;53037.09;0;Filtro
BCE00732125;125 PF7900;3;0;CALI;C;251594.49;0;Filtro
BCE00961125;125 PF46049;3;2;CALI;C;183751.08;122500.72;Filtro
BCE00986125;125 PF7895;3;1;CALI;C;119023.05;39674.35;Filtro
BCE10606125;125 66W;3;1;CALI;C;59390.61;19796.87;Filtro
BCE20256125;125 201;3;0;CALI;C;96665.55;0;Filtro
BCS00027125;125 BF583;3;1;CALI;C;56909.49;18969.83;Filtro
BCS00033125;125 BF584;3;0;CALI;C;107904.24;0;Filtro
BCS00121125;125 BF791;3;0;CALI;C;66615.15;0;Filtro
BCS00172125;125 BF1222;3;0;CALI;C;206009.58;0;Filtro
BCS00257125;125 BF1380;3;0;CALI;C;146221.8;0;Filtro
BCS00266125;125 BF1217;3;1;CALI;C;166050.3;55350.1;Filtro
BCS00346125;125 BF1352SPS;3;0;CALI;C;296530.11;0;Filtro
BCS00462125;125 BF7639;3;0;CALI;C;328021.35;0;Filtro
BCS00535125;125 BF1349;3;0;CALI;C;193342.14;0;Filtro
BCS00594125;125 BF9910;3;2;CALI;C;155626.26;103750.84;Filtro
BCS00746125;125 BF46129;3;0;CALI;C;433026.63;0;Filtro
BCS00751125;125 BF46227;3;1;CALI;C;355150.8;118383.6;Filtro
BHE00311125;125 PF981;3;0;CALI;C;67215.81;0;Filtro
BHE00676125;125 PT9354MPG;3;0;CALI;C;92702.55;0;Filtro
BHE00977125;125 PT9414MPG;3;0;CALI;C;466029.15;0;Filtro
BHE10197125;125 PT763;3;1;CALI;C;263517;87839;Filtro
BHE10687125;125 PT9411MPG;3;0;CALI;C;453205.08;0;Filtro
BHS00097125;125 BT351;3;1;CALI;C;185078.01;61692.67;Filtro
BHS00227125;125 BT8333;3;0;CALI;C;311697.66;0;Filtro
BHS00349125;125 BT420;3;1;CALI;C;103868.37;34622.79;Filtro
BHS00551125;125 BT9553;3;0;CALI;C;301483.23;0;Filtro
BHS00674125;125 BT9439;3;1;CALI;C;158723.82;52907.94;Filtro
BHS10110125;125 BT8310MPG;3;0;CALI;C;475772.04;0;Filtro
BLE00099125;125 PT88HD;3;0;CALI;C;96131.67;0;Filtro
BLE00343125;125 P7015;3;1;CALI;C;109256.4;36418.8;Filtro
BLE00608125;125 P7199;3;0;CALI;C;97946.07;0;Filtro
BLE00667125;125 B7388;3;0;CALI;C;105834.93;0;Filtro
BLS00036125;125 BT230;3;2;CALI;C;46739.07;31159.38;Filtro
BLS00094125;125 B378;3;1;CALI;C;114739.8;38246.6;Filtro
BLS00135125;125 OB1308;3;0;CALI;C;325444.35;0;Filtro
BLS00211125;125 BD325;3;0;CALI;C;348697.53;0;Filtro
BLS00218125;125 BD7158;3;0;CALI;C;256376.79;0;Filtro
BLS00222125;125 BD1403;3;0;CALI;C;239041.38;0;Filtro
BLS00251125;125 BD7029;3;1;CALI;C;193189.08;64396.36;Filtro
BLS00422125;125 BD7325;3;2;CALI;C;131345.67;87563.78;Filtro
BLS00470125;125 B7396;3;0;CALI;C;166644.72;0;Filtro
BLS00600125;125 B7241;3;1;CALI;C;204153.9;68051.3;Filtro
BLS00731125;125 B40073;3;2;CALI;C;85760.58;57173.72;Filtro
BLS10006125;125 B7469;3;1;CALI;C;92707.14;30902.38;Filtro
BVJ00210125;125 PKG412;3;0;CALI;C;114356.88;0;Filtro
DAB02003025;025 DA2003;3;2;CALI;C;139320.06;92880.04;Filtro
DAB02024025;025 DA2024;3;0;CALI;C;231656.91;0;Filtro
DAB02639025;025 DA2639;3;2;CALI;C;120409.26;80272.84;Filtro
DAB02883025;025 DA2883;3;2;CALI;C;53164.86;35443.24;Filtro
DAB02967025;025 DA2967;3;0;CALI;C;195977.52;0;Filtro
DAB02969025;025 DA2969;3;0;CALI;C;133115.01;0;Filtro
DAB04003025;025 DA4003;3;0;CALI;C;94087.17;0;Filtro
DAB08059025;025 DA8059;3;1;CALI;C;176971.32;58990.44;Filtro
DAB08080025;025 DA8080;3;1;CALI;C;51832.35;17277.45;Filtro
DAB08107025;025 DA8107;3;2;CALI;C;197484.15;131656.1;Filtro
DAB08145025;025 DA8145;3;0;CALI;C;110797.83;0;Filtro
DAB08162025;025 DA8162;3;0;CALI;C;70576.23;0;Filtro
DAB08179025;025 DA8179;3;1;CALI;C;240685.71;80228.57;Filtro
DAB08221025;025 DA8221;3;0;CALI;C;99553.83;0;Filtro
DAB09057025;025 DA9057;3;2;CALI;C;57396.21;38264.14;Filtro
DAB09059025;025 DA9059;3;2;CALI;C;77360.31;51573.54;Filtro
DAB09252025;025 DA9252;3;0;CALI;C;27171.84;0;Filtro
DAB18188025;025 DA8188UHE;3;0;CALI;C;193193.4;0;Filtro
DAC00185020;020 DAC185;3;2;CALI;C;57510.54;38340.36;Otros
DAC10090189;189 DAC090A;3;1;CALI;C;10848.27;3616.09;Filtro
DAE01150139;139 GA1150;3;1;CALI;C;36000;12000;Otros
DAE02138025;025 DA2138;3;1;CALI;C;89587.59;29862.53;Filtro
DAE02260025;025 DA2260;3;0;CALI;C;138156.54;0;Filtro
DAE02568025;025 DA2568;3;0;CALI;C;124027.95;0;Filtro
DAE02823025;025 DA2823;3;0;CALI;C;102891;0;Filtro
DAE04106025;025 DA4106;3;1;CALI;C;90814.62;30271.54;Filtro
DAE04120025;025 DA4120;3;0;CALI;C;85838.76;0;Filtro
DAE04133025;025 DA4133;3;0;CALI;C;47906.07;0;Filtro
DAE04272025;025 DA4272;3;0;CALI;C;105507.18;0;Filtro
DAE04273025;025 DA4273;3;0;CALI;C;103803.99;0;Filtro
DAE04276025;025 DA4276;3;0;CALI;C;217514.49;0;Filtro
DAE04636025;025 DA4636;3;1;CALI;C;75233.22;25077.74;Filtro
DAE04659025;025 DA4659;3;0;CALI;C;89737.11;0;Filtro
DAE04750025;025 DA4750;3;0;CALI;C;71570.49;0;Filtro
DAE08141025;025 DA8141;3;1;CALI;C;298058.64;99352.88;Filtro
DAE09183025;025 DA9183;3;2;CALI;C;51306.27;34204.18;Filtro
DAE09228025;025 DA9228;3;0;CALI;C;81119.04;0;Filtro
DAE09235025;025 DA9235;3;0;CALI;C;51355.05;0;Filtro
DAP08153025;025 DA8153;3;0;CALI;C;127429.29;0;Filtro
DAP09153025;025 DA9153;3;0;CALI;C;38844.18;0;Filtro
DAR02058025;025 DA2058;3;0;CALI;C;227807.73;0;Filtro
DAR02227025;025 DA2227;3;0;CALI;C;269284.35;0;Filtro
DAR02659025;025 DA2659;3;0;CALI;C;75145.77;0;Filtro
DAR02743025;025 DA2743;3;2;CALI;C;116100.9;77400.6;Filtro
DAR08001025;025 DA8001;3;0;CALI;C;183430.38;0;Filtro
DAR08038025;025 DA8038;3;0;CALI;C;80608.23;0;Filtro
DAR08072025;025 DA8072;3;0;CALI;C;79007.67;0;Filtro
DAR08097025;025 DA8097;3;0;CALI;C;117337.98;0;Filtro
DAR08193025;025 DA8193;3;2;CALI;C;50157.12;33438.08;Filtro
DAS07816025;025 DA7816;3;0;CALI;C;106636.14;0;Filtro
DAS07824025;025 DA7824;3;0;CALI;C;200986.5;0;Filtro
DAX00122025;025 DAX122;3;1;CALI;C;744354.03;248118.01;Filtro
DAX02666025;025 GX2666;3;1;CALI;C;148659;49553;Filtro
DAX02772025;025 GX2772;3;1;CALI;C;106185;35395;Filtro
DCE00479189;189 G479;3;1;CALI;C;19174.41;6391.47;Filtro
DCE00931136;136 FLP467;3;0;CALI;C;81675;0;Otros
DCE10128137;137 2040TM;3;0;CALI;C;62846.07;0;Filtro
DCE20128138;138 2040V30;3;0;CALI;C;102781.89;0;Filtro
DCS00539137;137 R90T-DMAX;3;2;CALI;C;190209.66;126806.44;Filtro
DCS00768189;189 GS768;3;2;CALI;C;71037;47358;Filtro
DCS10257138;138 R12T;3;1;CALI;C;214211.37;71403.79;Filtro
DLE00726189;189 G726;3;0;CALI;C;30777.63;0;Filtro
DLS00136004;004 GS136;3;1;CALI;C;65126.7;21708.9;Filtro
DRQCOOLR035;035 HIDROCOOLR - 1/4;3;0;CALI;C;11766.27;0;Aceite/Lubricante
BAB08005125;125 PA5311;2;0;CALI;C;60925.42;0;Filtro
BAB08106125;125 RS5354;2;1;CALI;C;293461.14;146730.57;Filtro
BAC00037125;125 PA4985;2;1;CALI;C;86971.7;43485.85;Filtro
BAC00069125;125 PA4857;2;1;CALI;C;65071.16;32535.58;Filtro
BAC00144125;125 PA5680;2;0;CALI;C;115416.12;0;Filtro
BAC00215125;125 PA2706;2;0;CALI;C;171487.22;0;Filtro
BAE04020125;125 PA4997;2;0;CALI;C;205496.04;0;Filtro
BAE08142125;125 PA5289;2;0;CALI;C;309805.58;0;Filtro
BAE09066125;125 PA5418;2;1;CALI;C;461843.54;230921.77;Filtro
BAE10433125;125 PA5700;2;0;CALI;C;102513.86;0;Filtro
BAE61032125;125 PA4127;2;0;CALI;C;60027.3;0;Filtro
BAP08066125;125 CA5417;2;0;CALI;C;257221.08;0;Filtro
BAS07821125;125 PA2832;2;0;CALI;C;89427.28;0;Filtro
BAX00122125;125 PA2724;2;1;CALI;C;823952.16;411976.08;Filtro
BAX10046125;125 AFG38D;2;1;CALI;C;154727.02;77363.51;Filtro
BCE00544125;125 BF833;2;1;CALI;C;10049.5;5024.75;Filtro
BCE00805125;125 BF7863;2;1;CALI;C;27841.34;13920.67;Filtro
BCE00858125;125 PF7935;2;2;CALI;C;106826.48;106826.48;Filtro
BCF00027125;125 F916C;2;1;CALI;C;13744.52;6872.26;Filtro
BCS00016125;125 BF948JD;2;2;CALI;C;47660.14;47660.14;Filtro
BCS00030125;125 BF876;2;0;CALI;C;59987.1;0;Filtro
BCS00192125;125 BF1346;2;0;CALI;C;158389.36;0;Filtro
BCS00304125;125 BF1278;2;0;CALI;C;119142.24;0;Filtro
BCS00312125;125 BF7766;2;1;CALI;C;122193.36;61096.68;Filtro
BCS00318125;125 BF7653;2;1;CALI;C;62874.16;31437.08;Filtro
BCS00329125;125 BF7552;2;0;CALI;C;65107.8;0;Filtro
BCS00424125;125 BF1357;2;0;CALI;C;245424.4;0;Filtro
BCS00429125;125 BF7913;2;1;CALI;C;278902.92;139451.46;Filtro
BCS00443125;125 BF7559;2;1;CALI;C;61060.74;30530.37;Filtro
BCS00461125;125 BF7623;2;1;CALI;C;101019.32;50509.66;Filtro
BCS00523125;125 BF7997;2;1;CALI;C;90121.1;45060.55;Filtro
BCS00707125;125 BF46100O;2;1;CALI;C;214935.28;107467.64;Filtro
BCS10192125;125 BF1346SP;2;0;CALI;C;155651.58;0;Filtro
BCS10228125;125 BF1348O;2;1;CALI;C;124164.38;62082.19;Filtro
BCS10400125;125 BF1359SP;2;0;CALI;C;155785.12;0;Filtro
BCS10535125;125 BF1329;2;1;CALI;C;136611.74;68305.87;Filtro
BCS20383125;125 BF1358SP;2;0;CALI;C;253743.36;0;Filtro
BCS60377125;125 BF1283;2;0;CALI;C;163395.16;0;Filtro
BCX00073125;125 FB1311;2;0;CALI;C;139998.26;0;Filtro
BHE00025125;125 PT83;2;1;CALI;C;85863.6;42931.8;Filtro
BHE00063125;125 PT707HD10;2;1;CALI;C;61570.22;30785.11;Filtro
BHE00153125;125 PT441;2;0;CALI;C;131320.86;0;Filtro
BHE00309125;125 PT8459;2;0;CALI;C;45788.2;0;Filtro
BHE00648125;125 PT8436;2;1;CALI;C;282081.4;141040.7;Filtro
BHE00672125;125 PT8392;2;1;CALI;C;108730.98;54365.49;Filtro
BHE00687125;125 PT9351MPG;2;1;CALI;C;336783.08;168391.54;Filtro
BHE00794125;125 PT9420MPG;2;0;CALI;C;252860.78;0;Filtro
BHE00923125;125 PT9476MPG;2;0;CALI;C;308234.86;0;Filtro
BHE00970125;125 PT9180;2;1;CALI;C;71848;35924;Filtro
BHS00123125;125 BT37110;2;1;CALI;C;72962.24;36481.12;Filtro
BHS00133125;125 BT8861;2;0;CALI;C;222910.54;0;Filtro
BHS00142125;125 BT470;2;1;CALI;C;89278.62;44639.31;Filtro
BHS00149125;125 BT9387;2;3;CALI;C;46906.02;70359.03;Filtro
BHS00152125;125 BT342;2;2;CALI;C;65145.38;65145.38;Filtro
BHS00255125;125 B211;2;1;CALI;C;75917.18;37958.59;Filtro
BHS00466125;125 BT8831;2;1;CALI;C;130318.56;65159.28;Filtro
BHS00616125;125 BT9440;2;1;CALI;C;118984.82;59492.41;Filtro
BHS10239125;125 BT8880MPG;2;1;CALI;C;320727.66;160363.83;Filtro
BLE00834125;125 P7329;2;0;CALI;C;155439.36;0;Filtro
BLS00112125;125 B105;2;1;CALI;C;127492.84;63746.42;Filtro
BLS00212125;125 BD232;2;0;CALI;C;142254.78;0;Filtro
BLS00280125;125 B229;2;1;CALI;C;46875.84;23437.92;Filtro
BLS00372125;125 B7180;2;0;CALI;C;154544.86;0;Filtro
BLS00489125;125 B7243;2;1;CALI;C;21724.94;10862.47;Filtro
BLS00514125;125 B7375;2;1;CALI;C;71308.16;35654.08;Filtro
BLS00644125;125 B7298;2;0;CALI;C;45775.18;0;Filtro
BLS10136125;125 B7004;2;1;CALI;C;95244.64;47622.32;Filtro
DAB02828025;025 DA2828;2;0;CALI;C;45403.8;0;Filtro
DAB02882025;025 DA2882;2;2;CALI;C;66728.92;66728.92;Filtro
DAB02933025;025 DA2933;2;1;CALI;C;26013.14;13006.57;Filtro
DAB02977025;025 DA2977;2;1;CALI;C;28367.88;14183.94;Filtro
DAB04639025;025 DA4639;2;2;CALI;C;38015.26;38015.26;Filtro
DAB04816025;025 DA4816;2;0;CALI;C;42420.2;0;Filtro
DAB04969025;025 DA4969;2;0;CALI;C;45971.26;0;Filtro
DAB08030025;025 DA8030;2;0;CALI;C;157522.22;0;Filtro
DAB08068025;025 DA8068;2;2;CALI;C;58899.1;58899.1;Filtro
DAB08069025;025 DA8069;2;1;CALI;C;108093.96;54046.98;Filtro
DAB08087025;025 DA8087;2;1;CALI;C;99652.24;49826.12;Filtro
DAB08169025;025 DA8169;2;0;CALI;C;53273.4;0;Filtro
DAB08198025;025 DA8198;2;0;CALI;C;27597.28;0;Filtro
DAB09213025;025 DA9213;2;1;CALI;C;14941.46;7470.73;Filtro
DAB09240025;025 DA9240;2;2;CALI;C;45457.06;45457.06;Filtro
DAB19184025;025 DA9184A;2;1;CALI;C;33638.56;16819.28;Filtro
DAE01093189;189 GA1093;2;2;CALI;C;15406.5;15406.5;Filtro
DAE01143189;189 GA1143;2;1;CALI;C;16474;8237;Filtro
DAE02246025;025 DA2246;2;0;CALI;C;37671.04;0;Filtro
DAE02343025;025 DA2343;2;0;CALI;C;50847.94;0;Filtro
DAE02425025;025 DA2425;2;1;CALI;C;25671.52;12835.76;Filtro
DAE02901025;025 DA2901;2;0;CALI;C;91850.14;0;Filtro
DAE04050025;025 DA4050;2;1;CALI;C;74628.48;37314.24;Filtro
DAE04071025;025 DA4071;2;1;CALI;C;30977.82;15488.91;Filtro
DAE04124025;025 DA4124;2;0;CALI;C;100749.78;0;Filtro
DAE04196025;025 DA4196;2;0;CALI;C;43621.6;0;Filtro
DAE04264025;025 DA4264;2;1;CALI;C;39850.36;19925.18;Filtro
DAE04445025;025 DA4445;2;0;CALI;C;35382.7;0;Filtro
DAE04594025;025 DA4594;2;2;CALI;C;33283.06;33283.06;Filtro
DAE04693025;025 DA4693;2;0;CALI;C;72544;0;Filtro
DAE04997025;025 DA4997;2;0;CALI;C;79139.26;0;Filtro
DAE09001025;025 DA9001;2;0;CALI;C;69750.92;0;Filtro
DAR02056025;025 DA2056;2;0;CALI;C;52274.06;0;Filtro
DAR02103025;025 DA2103;2;0;CALI;C;119183.32;0;Filtro
DAR02315025;025 DA2315;2;1;CALI;C;130993.8;65496.9;Filtro
DAR02471025;025 DA2471;2;1;CALI;C;176967.44;88483.72;Filtro
DAR02649025;025 DA2649;2;1;CALI;C;26214.82;13107.41;Filtro
DAR03636025;025 DA3636;2;1;CALI;C;99862.58;49931.29;Filtro
DAR03750025;025 DA3750;2;0;CALI;C;71948.9;0;Filtro
DAR08065025;025 DA8065;2;0;CALI;C;98766.96;0;Filtro
DAR08147025;025 DA8147;2;1;CALI;C;133280.86;66640.43;Filtro
DAS00743189;189 GS743;2;1;CALI;C;56388;28194;Filtro
DCE00129138;138 2010SM;2;2;CALI;C;49084.96;49084.96;Filtro
DCE00653189;189 G653;2;1;CALI;C;11152.88;5576.44;Filtro
DCE00796189;189 G796;2;1;CALI;C;39041.02;19520.51;Filtro
DCE10126138;138 2020V10;2;2;CALI;C;75956.86;75956.86;Filtro
DCE10580190;190 G580;2;1;CALI;C;21978;10989;Filtro
DCS00756189;189 GS756;2;1;CALI;C;49614;24807;Filtro
DCS00757189;189 GS757;2;1;CALI;C;62718;31359;Filtro
DCX00053138;138 1000FV10;2;0;CALI;C;1983222.6;0;Filtro
DCX00366138;138 RFF3C;2;0;CALI;C;201130.06;0;Filtro
DCX00367138;138 RFF8C;2;0;CALI;C;335780.5;0;Filtro
DCX00585136;136 FLPB426;2;0;CALI;C;74701.62;0;Otros
DCX01002137;137 414E160J10MAQII;2;0;CALI;C;404746;0;Filtro
DCX10355138;138 4400R30;2;0;CALI;C;1313557;0;Filtro
DHS00146125;125 BT36610;2;0;CALI;C;72093.44;0;Filtro
DLE00626189;189 G626;2;0;CALI;C;42540;0;Filtro
DLE00627189;189 G627;2;0;CALI;C;72316;0;Filtro
DLE00909189;189 G909;2;1;CALI;C;7914;3957;Filtro
DRG0SOTR035;035 SOTR - GALON;2;0;CALI;C;69269.88;0;Aceite/Lubricante
BAB09245125;125 RS30120;1;0;CALI;C;78715;0;Filtro
BAC00087125;125 PA5359;1;1;CALI;C;34896.63;34896.63;Filtro
BAE02004125;125 PA5316;1;1;CALI;C;55625;55625;Filtro
BAE08140125;125 CA5791;1;0;CALI;C;245237.22;0;Filtro
BAE09140125;125 PA5792;1;1;CALI;C;202858.37;202858.37;Filtro
BAR08015125;125 CA5368;1;0;CALI;C;226118.09;0;Filtro
BAX00038125;125 PA2650;1;0;CALI;C;305118.69;0;Filtro
BCE00901125;125 PF9911;1;0;CALI;C;32972.16;0;Filtro
BCE00940125;125 PF46112;1;0;CALI;C;20300.58;0;Filtro
BCE00997125;125 PF46235;1;1;CALI;C;86160.7;86160.7;Filtro
BCE30606125;125 66-30;1;0;CALI;C;19946;0;Filtro
BCS00017125;125 BF888;1;1;CALI;C;27811.71;27811.71;Filtro
BCS00126125;125 BF785;1;1;CALI;C;60006.33;60006.33;Filtro
BCS00513125;125 BF7943;1;1;CALI;C;58754.16;58754.16;Filtro
BCS00554125;125 BF1221;1;1;CALI;C;28791.15;28791.15;Filtro
BCS00575125;125 BF9800;1;0;CALI;C;69399.66;0;Filtro
BCS00576125;125 BF7624;1;1;CALI;C;34580.36;34580.36;Filtro
BCS00629125;125 BF789;1;1;CALI;C;20663.69;20663.69;Filtro
BCS00650125;125 BF1296O;1;1;CALI;C;91183.36;91183.36;Filtro
BCS00742125;125 BF46252SP;1;1;CALI;C;195026.88;195026.88;Filtro
BCS00763125;125 BF46262;1;0;CALI;C;61133;0;Filtro
BCS10235125;125 BF7535;1;0;CALI;C;72646.03;0;Filtro
BCS10460125;125 BF1275;1;1;CALI;C;34110.7;34110.7;Filtro
BCS20375125;125 BF1366O;1;0;CALI;C;74698.72;0;Filtro
BCS40377125;125 BF1265;1;0;CALI;C;85750.77;0;Filtro
BHE00098125;125 P204HD10;1;2;CALI;C;32938.93;65877.86;Filtro
BHE00302125;125 PT8319;1;1;CALI;C;30571.18;30571.18;Filtro
BHE00310125;125 PT91;1;1;CALI;C;57916.54;57916.54;Filtro
BHE00674125;125 PT9290MPG;1;1;CALI;C;254568;254568;Filtro
BHE00733125;125 PT8366;1;0;CALI;C;113028.6;0;Filtro
BHE00770125;125 PT9556MPG;1;1;CALI;C;190212.88;190212.88;Filtro
BHE00793125;125 PT9357;1;0;CALI;C;104026.64;0;Filtro
BHE00795125;125 PT9557;1;1;CALI;C;189675.87;189675.87;Filtro
BHE00835125;125 PT9409MPG;1;1;CALI;C;162163.62;162163.62;Filtro
BHE00871125;125 PT8419;1;0;CALI;C;115826;0;Filtro
BHE00960125;125 PT23592;1;1;CALI;C;248020;248020;Filtro
BHE00966125;125 PT23544MPG;1;1;CALI;C;138026.92;138026.92;Filtro
BHE10785125;125 PT9415MPGKIT;1;1;CALI;C;172912.87;172912.87;Filtro
BHS00131125;125 PT716;1;2;CALI;C;105312.71;210625.42;Filtro
BHS00166125;125 BT8873;1;1;CALI;C;183782.11;183782.11;Filtro
BHS00224125;125 B7026MPG;1;1;CALI;C;82717.41;82717.41;Filtro
BHS00415125;125 BT9454;1;0;CALI;C;128069.06;0;Filtro
BHS00445125;125 BT8308MPG;1;1;CALI;C;147188.76;147188.76;Filtro
BHS00593125;125 BT8853MPG;1;1;CALI;C;145087.56;145087.56;Filtro
BHS00630125;125 BT388;1;1;CALI;C;74185.94;74185.94;Filtro
BHS00713125;125 BT8474;1;2;CALI;C;21960.95;43921.9;Filtro
BHS10362125;125 BT8320;1;1;CALI;C;181395.99;181395.99;Filtro
BHX00300125;125 OB1318;1;0;CALI;C;87617.09;0;Filtro
BHX00301125;125 OB1319;1;0;CALI;C;79806.67;0;Filtro
BLS00589125;125 B76SS;1;2;CALI;C;31566.8;63133.6;Filtro
BLS10032125;125 BT347;1;1;CALI;C;30730.21;30730.21;Filtro
BLS10244125;125 BD7166;1;1;CALI;C;69426.58;69426.58;Filtro
BLX00216125;125 OB1314;1;1;CALI;C;96300.19;96300.19;Filtro
BSS00487125;125 OAS99048;1;0;CALI;C;169002.54;0;Filtro
BWS00333125;125 B5090;1;0;CALI;C;122533.25;0;Filtro
DAB08114025;025 DA8114;1;1;CALI;C;16221.87;16221.87;Filtro
DAB08144025;025 DA8144;1;0;CALI;C;46213.94;0;Filtro
DAB09080025;025 DA9080;1;1;CALI;C;11371.56;11371.56;Filtro
DAB09114025;025 DA9114;1;1;CALI;C;11060.98;11060.98;Filtro
DAB09144025;025 DA9144;1;0;CALI;C;21988.1;0;Filtro
DAB09178025;025 DA9178;1;1;CALI;C;25420.4;25420.4;Filtro
DAB18178025;025 DA8178UHE;1;1;CALI;C;110496.15;110496.15;Filtro
DAC00064020;020 DAC064;1;0;CALI;C;9965.52;0;Otros
DAC00101125;125 PA3928;1;1;CALI;C;112419.56;112419.56;Filtro
DAC00182020;020 DAC182;1;0;CALI;C;10676.92;0;Otros
DAE02098025;025 DA2098;1;1;CALI;C;87319.72;87319.72;Filtro
DAE02143025;025 DA2143;1;2;CALI;C;47439.37;94878.74;Filtro
DAE02505025;025 DA2505;1;1;CALI;C;36759.69;36759.69;Filtro
DAE02509025;025 DA2509;1;0;CALI;C;65178.77;0;Filtro
DAE04132025;025 DA4132;1;3;CALI;C;19064.43;57193.29;Filtro
DAE06237025;025 DA6237;1;1;CALI;C;83543.26;83543.26;Filtro
DAE08036025;025 DA8036;1;0;CALI;C;88259.93;0;Filtro
DAE09034025;025 DA9034;1;0;CALI;C;2917.35;0;Filtro
DAE09048025;025 DA9048;1;0;CALI;C;26082.02;0;Filtro
DAE09226025;025 DA9226;1;1;CALI;C;21005.41;21005.41;Filtro
DAR02366025;025 DA2366;1;1;CALI;C;47874.58;47874.58;Filtro
DAR02870025;025 DA2870;1;1;CALI;C;66940.4;66940.4;Filtro
DAR04543025;025 DA4543;1;0;CALI;C;24610.11;0;Filtro
DAR08034025;025 DA8034;1;1;CALI;C;40471.35;40471.35;Filtro
DAR08043025;025 DA8043;1;1;CALI;C;37689.28;37689.28;Filtro
DAR08127125;125 PA5584;1;1;CALI;C;55127.14;55127.14;Filtro
DAS07820025;025 DA7820;1;1;CALI;C;10646.5;10646.5;Filtro
DAX00401189;189 GX401;1;0;CALI;C;25563;0;Filtro
DAX00402189;189 GX402;1;0;CALI;C;63711;0;Filtro
DAX00403189;189 GX403;1;0;CALI;C;79393;0;Filtro
DAX00404189;189 GX404;1;0;CALI;C;166406;0;Filtro
DAX00405189;189 GX405;1;0;CALI;C;166406;0;Filtro
DAX00406189;189 GX406;1;0;CALI;C;25563;0;Filtro
DAX00407189;189 GX407;1;0;CALI;C;31954;0;Filtro
DAX00408189;189 GX408;1;0;CALI;C;54567;0;Filtro
DAX00409189;189 GX409;1;0;CALI;C;70790;0;Filtro
DAX00410189;189 GX410;1;0;CALI;C;70790;0;Filtro
DAX00411189;189 GX411;1;0;CALI;C;166406;0;Filtro
DAX00412189;189 GX412;1;0;CALI;C;126095;0;Filtro
DAX00413189;189 GX413;1;0;CALI;C;113313;0;Filtro
DAX00414189;189 GX414;1;0;CALI;C;65874;0;Filtro
DAX00415189;189 GX415;1;0;CALI;C;127570;0;Filtro
DAX00416189;189 GX416;1;0;CALI;C;126095;0;Filtro
DAX02570025;025 GX2570;1;1;CALI;C;56632;56632;Filtro
DAX02738025;025 GX2738;1;0;CALI;C;42943.59;0;Filtro
DCE00931139;139 G931;1;0;CALI;C;16500;0;Otros
DCE10126137;137 2020TM;1;2;CALI;C;28845.97;57691.94;Filtro
DCE26955138;138 FBO60341;1;0;CALI;C;314020.74;0;Filtro
DCS00292138;138 S3227;1;0;CALI;C;101191.21;0;Filtro
DCS00687137;137 R120LJ-10M-AQII;1;1;CALI;C;86416.8;86416.8;Filtro
DCS10270137;137 R60-10M;1;1;CALI;C;39672.76;39672.76;Filtro
DCX00036138;138 500FG;1;1;CALI;C;575689.79;575689.79;Filtro
DCX00053137;137 1000FH;1;1;CALI;C;711905.77;711905.77;Filtro
DCX00055137;137 900FH;1;1;CALI;C;654797.47;654797.47;Filtro
DCX00055138;138 900FV;1;0;CALI;C;693343.68;0;Filtro
DCX00292138;138 320R-RAC-01;1;0;CALI;C;95030.5;0;Filtro
DCX00391189;189 GX391;1;0;CALI;C;22614;0;Filtro
DLE00909115;115 WT-598010S;1;1;CALI;C;5740.75;5740.75;Otros
DLS00050189;189 GS050;1;2;CALI;C;5359.93;10719.86;Filtro
DVJ00179198;198 ALBA1;1;1;CALI;C;33908.97;33908.97;Otros
ALB115W4050;050 DELO 400-15W40-1/5;0;1;CALI;C;0;198000;Aceite/Lubricante
ALB15W40030;030 MX15W40-5;0;1;CALI;C;0;444003.26;Aceite/Lubricante
ALG15W40030;030 MX15W40-4;0;1;CALI;C;0;101958.13;Aceite/Lubricante
ALQ15W40030;030 MX15W40-12;0;1;CALI;C;0;26121.99;Aceite/Lubricante
ALQ15W40131;131 MX15W40-12;0;1;CALI;C;0;12117.03;Aceite/Lubricante
ALQ20W50030;030 SM20W50-12;0;1;CALI;C;0;28501;Aceite/Lubricante
BAB02038125;125 RS5591;0;1;CALI;C;0;67916;Filtro
BAB02524125;125 RS3518;0;1;CALI;C;0;141400.65;Filtro
BAB02546125;125 RS3540;0;1;CALI;C;0;39955.09;Filtro
BAB02547125;125 RS2863;0;1;CALI;C;0;66793.68;Filtro
BAB02570125;125 RS3544;0;1;CALI;C;0;27728.35;Filtro
BAB02598125;125 RS3504;0;1;CALI;C;0;39304.55;Filtro
BAB02666125;125 RS3542;0;1;CALI;C;0;21508.32;Filtro
BAB02690125;125 RS3517;0;1;CALI;C;0;35799.9;Filtro
BAB02702125;125 RS3548;0;1;CALI;C;0;21675.67;Filtro
BAB02783125;125 RS3538;0;1;CALI;C;0;49085.67;Filtro
BAB02805125;125 RS3884;0;1;CALI;C;0;64240.49;Filtro
BAB02832125;125 RS3733;0;1;CALI;C;0;35897.18;Filtro
BAB02856125;125 RS3734;0;1;CALI;C;0;40133.96;Filtro
BAB02869125;125 RS3736;0;1;CALI;C;0;33097.36;Filtro
BAB02886125;125 RS3954;0;1;CALI;C;0;38088.09;Filtro
BAB02926125;125 RS4636;0;1;CALI;C;0;141822;Filtro
BAB04546125;125 RS3541;0;1;CALI;C;0;21963.46;Filtro
BAB04547125;125 RS3501;0;1;CALI;C;0;59660;Filtro
BAB04663125;125 RS3921;0;1;CALI;C;0;26607.36;Filtro
BAB04728125;125 RS3871;0;1;CALI;C;0;70331;Filtro
BAB04869125;125 RS3737;0;1;CALI;C;0;24306.24;Filtro
BAB04909125;125 RS3999;0;1;CALI;C;0;55450;Filtro
BAB04926125;125 RS4637;0;1;CALI;C;0;113245.41;Filtro
BAB08003125;125 RS4994;0;1;CALI;C;0;29422.54;Filtro
BAB08006125;125 RS4576;0;1;CALI;C;0;58216.66;Filtro
BAB08008125;125 RS5301;0;1;CALI;C;0;72961.51;Filtro
BAB08071125;125 RS3746;0;1;CALI;C;0;68189.09;Filtro
BAB08084125;125 RS5342;0;1;CALI;C;0;212910.5;Filtro
BAB08093125;125 RS5288XP;0;1;CALI;C;0;254115.23;Filtro
BAB08101125;125 PA2777;0;1;CALI;C;0;89290;Filtro
BAB08154125;125 RS5745;0;1;CALI;C;0;106376;Filtro
BAB08274125;125 RS30305;0;1;CALI;C;0;280176;Filtro
BAB09070125;125 RS5430;0;1;CALI;C;0;64714.7;Filtro
BAB09106125;125 RS5355;0;1;CALI;C;0;98796;Filtro
BAB09154125;125 RS5746;0;1;CALI;C;0;48461.69;Filtro
BAB09174125;125 RS4623;0;1;CALI;C;0;72531.5;Filtro
BAB12728125;125 RS4638;0;1;CALI;C;0;70233.84;Filtro
BAB12772125;125 RS3549;0;1;CALI;C;0;25551.66;Filtro
BAB12852125;125 RS3992;0;1;CALI;C;0;28633.26;Filtro
BAC00052125;125 PA4372;0;1;CALI;C;0;30682.97;Filtro
BAC00083125;125 PA5310;0;1;CALI;C;0;74394.39;Filtro
BAC00086125;125 PA5328;0;1;CALI;C;0;102570.28;Filtro
BAC00111125;125 PA5581;0;1;CALI;C;0;56122.66;Filtro
BAC00115125;125 PA5638;0;1;CALI;C;0;32742.29;Filtro
BAC00142125;125 PA5632;0;1;CALI;C;0;53490.13;Filtro
BAC00170125;125 PA4474;0;1;CALI;C;0;33478;Filtro
BAE00235125;125 PA5321;0;1;CALI;C;0;63420;Filtro
BAE00411125;125 PA3419;0;1;CALI;C;0;28850.06;Filtro
BAE01116125;125 PA4440KIT;0;1;CALI;C;0;40131;Filtro
BAE02002125;125 PA3493;0;1;CALI;C;0;287056;Filtro
BAE02117125;125 PA2330;0;1;CALI;C;0;50232.38;Filtro
BAE02122125;125 PA2317;0;1;CALI;C;0;76344.49;Filtro
BAE02123125;125 PA2312;0;1;CALI;C;0;61648.49;Filtro
BAE02264125;125 PA2504;0;1;CALI;C;0;43750.5;Filtro
BAE02265125;125 PA2521;0;1;CALI;C;0;33933.02;Filtro
BAE02286125;125 PA2573;0;1;CALI;C;0;49319.77;Filtro
BAE02499125;125 PA2712;0;1;CALI;C;0;25115.6;Filtro
BAE02523125;125 PA2705;0;1;CALI;C;0;145145.67;Filtro
BAE02693125;125 PA2776;0;1;CALI;C;0;30911.46;Filtro
BAE04050125;125 PA2310;0;1;CALI;C;0;25052;Filtro
BAE04109125;125 PA1911;0;1;CALI;C;0;21161.15;Filtro
BAE04113125;125 PA2419;0;1;CALI;C;0;9349.57;Filtro
BAE04241125;125 PA2487;0;1;CALI;C;0;16642.12;Filtro
BAE04293125;125 PA2539;0;1;CALI;C;0;29450.41;Filtro
BAE04517125;125 PA2730;0;1;CALI;C;0;12089.53;Filtro
BAE04671125;125 RS3705;0;1;CALI;C;0;24137;Filtro
BAE05091125;125 PA1704;0;1;CALI;C;0;5647.23;Filtro
BAE06001125;125 PA1765;0;1;CALI;C;0;213936.8;Filtro
BAE06168125;125 PA1782;0;1;CALI;C;0;200244.52;Filtro
BAE06268125;125 PA1784;0;1;CALI;C;0;287961.67;Filtro
BAE08074125;125 PA3918;0;1;CALI;C;0;416335;Filtro
BAE08096125;125 PA4624;0;1;CALI;C;0;62638.86;Filtro
BAE08102125;125 RS5507;0;1;CALI;C;0;199415.09;Filtro
BAE08111125;125 PA30207;0;1;CALI;C;0;79697.47;Filtro
BAE08172125;125 PA31000;0;1;CALI;C;0;370791.55;Filtro
BAE08210125;125 PA2335;0;1;CALI;C;0;38507.14;Filtro
BAE08217125;125 PA30015;0;1;CALI;C;0;67310;Filtro
BAE09004125;125 PA3949;0;1;CALI;C;0;133482;Filtro
BAE09012125;125 PA5504;0;1;CALI;C;0;7943.25;Filtro
BAE09096125;125 PA4625;0;1;CALI;C;0;52262.6;Filtro
BAE09111125;125 PA30208;0;1;CALI;C;0;54129.01;Filtro
BAE09118125;125 RS5549;0;1;CALI;C;0;176985.82;Filtro
BAE09142125;125 PA5290;0;1;CALI;C;0;67005.62;Filtro
BAE16001125;125 PA1765 FOAM;0;1;CALI;C;0;19964;Filtro
BAP08159125;125 CA5278;0;1;CALI;C;0;202858.04;Filtro
BAP08175125;125 PA32001;0;1;CALI;C;0;267876.51;Filtro
BAR02047125;125 PA1615;0;1;CALI;C;0;29101.12;Filtro
BAR02049125;125 PA1634;0;1;CALI;C;0;29834.97;Filtro
BAR02124125;125 PA2358;0;1;CALI;C;0;66591;Filtro
BAR03071125;125 PA1681FN;0;1;CALI;C;0;15082.39;Filtro
BAR09056125;125 RS5783;0;1;CALI;C;0;46593.06;Filtro
BAS07802125;125 PA2806;0;1;CALI;C;0;66900.22;Filtro
BAX00047125;125 PA2875;0;1;CALI;C;0;369560.48;Filtro
BCE00124125;125 F834F;0;1;CALI;C;0;13309.86;Filtro
BCE00369125;125 BF7537;0;1;CALI;C;0;10937.02;Filtro
BCE00551125;125 151;0;1;CALI;C;0;26872;Filtro
BCE00851125;125 PF7819;0;1;CALI;C;0;1929.05;Filtro
BCE00853125;125 PF7828;0;1;CALI;C;0;87206.5;Filtro
BCE00888125;125 PF9814;0;1;CALI;C;0;50918;Filtro
BCE01040125;125 PF46059;0;1;CALI;C;0;55924;Filtro
BCE10900125;125 PE5271;0;1;CALI;C;0;129794.71;Filtro
BCE10915125;125 BF9895KIT;0;1;CALI;C;0;138490.03;Filtro
BCE11021125;125 PE17002KIT;0;1;CALI;C;0;312826.27;Filtro
BCS00019125;125 BF7606;0;1;CALI;C;0;22450.09;Filtro
BCS00231125;125 BF1216;0;1;CALI;C;0;80920.68;Filtro
BCS00306125;125 BF7614;0;1;CALI;C;0;52261.13;Filtro
BCS00310125;125 BF1277SP;0;1;CALI;C;0;93955.1;Filtro
BCS00482125;125 BF1393SP;0;1;CALI;C;0;72397.23;Filtro
BCS00522125;125 BF1239;0;1;CALI;C;0;72004.4;Filtro
BCS00539125;125 BF1292O;0;1;CALI;C;0;135719.52;Filtro
BCS00558125;125 BF1388O;0;1;CALI;C;0;47840.23;Filtro
BCS00586125;125 BF1288O;0;1;CALI;C;0;115027.17;Filtro
BCS00682125;125 BF9887;0;1;CALI;C;0;33717.59;Filtro
BCS00693125;125 BF1210;0;1;CALI;C;0;89402.67;Filtro
BCS00712125;125 BF9840;0;1;CALI;C;0;8645.18;Filtro
BCS00735125;125 BF7981;0;1;CALI;C;0;47784.73;Filtro
BCS10015125;125 BF984;0;1;CALI;C;0;10518;Filtro
BCS10063125;125 BF5815;0;1;CALI;C;0;26320.94;Filtro
BCS10191125;125 BF1345SP;0;1;CALI;C;0;79318;Filtro
BCS10340125;125 BF7839;0;1;CALI;C;0;47111.8;Filtro
BCS10404125;125 BF7786D;0;1;CALI;C;0;46951.75;Filtro
BCS10450125;125 BF1397SP;0;1;CALI;C;0;79244.01;Filtro
BCX00134125;125 FB1307;0;1;CALI;C;0;59961.38;Filtro
BCX00149125;125 FB1301;0;1;CALI;C;0;136120.79;Filtro
BCX00190125;125 B10ALCAP;0;1;CALI;C;0;12803.35;Filtro
BHE00115125;125 PT548;0;2;CALI;C;0;40930;Filtro
BHE00142125;125 PT8350;0;1;CALI;C;0;34555;Filtro
BHE00150125;125 PT49810;0;1;CALI;C;0;43093.08;Filtro
BHE00197125;125 PT752;0;1;CALI;C;0;78924;Filtro
BHE00277125;125 H9071;0;1;CALI;C;0;40631.93;Filtro
BHE00280125;125 H9074;0;1;CALI;C;0;169306.63;Filtro
BHE00368125;125 PT565;0;1;CALI;C;0;28417.01;Filtro
BHE00712125;125 PT8478;0;1;CALI;C;0;179706.15;Filtro
BHE00717125;125 PT8383;0;1;CALI;C;0;148076.98;Filtro
BHE00892125;125 PT9443;0;1;CALI;C;0;143381;Filtro
BHE00910125;125 PT9376;0;1;CALI;C;0;122730.1;Filtro
BHE00949125;125 PT9452;0;1;CALI;C;0;122216.33;Filtro
BHE10083125;125 PT83MPG;0;1;CALI;C;0;107954.34;Filtro
BHE10280125;125 H9076;0;1;CALI;C;0;175931.13;Filtro
BHE10301125;125 PT561;0;1;CALI;C;0;5336.39;Filtro
BHS00118125;125 BT8919;0;1;CALI;C;0;71036;Filtro
BHS00209125;125 BT526;0;1;CALI;C;0;40242.83;Filtro
BHS00322125;125 BT9347MPG;0;1;CALI;C;0;179542.63;Filtro
BHS00374125;125 BT8443;0;1;CALI;C;0;27720;Filtro
BHS00396125;125 BT8848MPG;0;1;CALI;C;0;125707.55;Filtro
BHS00405125;125 BT774;0;1;CALI;C;0;89861.67;Filtro
BHS00406125;125 BT8833;0;1;CALI;C;0;96989.66;Filtro
BHS00408125;125 BT9349MPG;0;1;CALI;C;0;115633;Filtro
BHS00452125;125 BT8301;0;1;CALI;C;0;12935;Filtro
BHS00529125;125 BT9368MPG;0;1;CALI;C;0;1;Filtro
BHS00620125;125 BT595;0;1;CALI;C;0;18297.13;Filtro
BHS00685125;125 BT9400MPG;0;1;CALI;C;0;191599.88;Filtro
BHS10067125;125 BT8391;0;1;CALI;C;0;22565.19;Filtro
BHS10442125;125 BT9560MPG;0;1;CALI;C;0;204409;Filtro
BLE00034125;125 P999HD;0;1;CALI;C;0;11840.19;Filtro
BLE00206125;125 P507;0;1;CALI;C;0;45112.59;Filtro
BLE00590125;125 P7138;0;1;CALI;C;0;13518.9;Filtro
BLE00664125;125 P7192;0;1;CALI;C;0;49158.82;Filtro
BLE00917125;125 P40024;0;1;CALI;C;0;25618.36;Filtro
BLE00928125;125 P7502;0;1;CALI;C;0;33912.09;Filtro
BLE01025125;125 P7494;0;1;CALI;C;0;146768;Filtro
BLS00068125;125 B7452;0;1;CALI;C;0;15858.63;Filtro
BLS00075125;125 B281;0;1;CALI;C;0;23898;Filtro
BLS00164125;125 B7142;0;1;CALI;C;0;45160.63;Filtro
BLS00199125;125 B45;0;1;CALI;C;0;68001.07;Filtro
BLS00203125;125 B329;0;2;CALI;C;0;26431.02;Filtro
BLS00237125;125 B7045;0;1;CALI;C;0;41428.54;Filtro
BLS00247125;125 BD142;0;1;CALI;C;0;38281;Filtro
BLS00254125;125 B159;0;2;CALI;C;0;24600.7;Filtro
BLS00268125;125 BD7160;0;1;CALI;C;0;36023.65;Filtro
BLS00308125;125 BT8920;0;1;CALI;C;0;237135.8;Filtro
BLS00431125;125 BD7153;0;1;CALI;C;0;130344.45;Filtro
BLS00433125;125 BD7310;0;1;CALI;C;0;115256.33;Filtro
BLS00463125;125 B196;0;1;CALI;C;0;46262.04;Filtro
BLS00477125;125 B34;0;1;CALI;C;0;8635;Filtro
BLS00517125;125 BT251;0;1;CALI;C;0;21254.92;Filtro
BLS00547125;125 B7171;0;1;CALI;C;0;76050.2;Filtro
BLS00552125;125 B40000;0;1;CALI;C;0;8539.97;Filtro
BLS00580125;125 BD7176;0;1;CALI;C;0;143331.72;Filtro
BLS00591125;125 B7285;0;1;CALI;C;0;17481.3;Filtro
BLS00656125;125 B7496;0;1;CALI;C;0;13350.12;Filtro
BLS00675125;125 BD7317;0;1;CALI;C;0;22009.17;Filtro
BLS00706125;125 B40056;0;1;CALI;C;0;51753.19;Filtro
BLS00723125;125 B7216;0;1;CALI;C;0;17111.84;Filtro
BLS00743125;125 BA5379;0;1;CALI;C;0;121475.35;Filtro
BLS10037125;125 B7600;0;1;CALI;C;0;18135.14;Filtro
BLS10046125;125 B7099;0;1;CALI;C;0;6793.99;Filtro
BLS10213125;125 B37;0;1;CALI;C;0;7918.29;Filtro
BLS10433125;125 BD7353;0;1;CALI;C;0;23683.5;Filtro
BLX00433125;125 OB1313;0;1;CALI;C;0;174944.9;Filtro
BWS01078125;125 BW5072;0;1;CALI;C;0;18726;Filtro
BWS10081125;125 BW5140;0;1;CALI;C;0;18563.33;Filtro
BWS20078125;125 BW5074;0;1;CALI;C;0;19735;Filtro
BWS50078125;125 BW5075;0;1;CALI;C;0;49046;Filtro
DAB02033025;025 DA2033;0;1;CALI;C;0;57885.15;Filtro
DAB02691025;025 DA2691;0;1;CALI;C;0;13540.63;Filtro
DAB02852025;025 DA2852;0;1;CALI;C;0;14416.91;Filtro
DAB02872025;025 DA2872;0;1;CALI;C;0;26720.21;Filtro
DAB08019025;025 DA8019;0;1;CALI;C;0;28607.25;Filtro
DAB08086025;025 DA8086;0;2;CALI;C;0;49620.78;Filtro
DAB08270025;025 DA8270;0;1;CALI;C;0;24839.73;Filtro
DAB09154025;025 DA9154;0;1;CALI;C;0;13805.36;Filtro
DAB09272025;025 DA9272;0;1;CALI;C;0;208530.62;Filtro
DAB12028025;025 DA2028KIT;0;1;CALI;C;0;32054.37;Filtro
DAB12688025;025 DA2688A;0;1;CALI;C;0;49516.87;Filtro
DAB12690025;025 DA2690XX;0;1;CALI;C;0;47125.89;Filtro
DAB12772025;025 DA2772A;0;1;CALI;C;0;19575.84;Filtro
DAB14028025;025 DA4028A;0;1;CALI;C;0;10201.78;Filtro
DAB14690025;025 DA4690A;0;1;CALI;C;0;16315.8;Filtro
DAB14872025;025 DA4872A;0;1;CALI;C;0;15439.83;Filtro
DAB18056025;025 DA8056KIT;0;1;CALI;C;0;43145.61;Filtro
DAB18059025;025 DA8059UHE;0;1;CALI;C;0;167238.98;Filtro
DAB18146025;025 DA8146XX;0;1;CALI;C;0;53816.29;Filtro
DAB18191025;025 DA8191XX;0;1;CALI;C;0;57828.7;Filtro
DAB18195025;025 DA8195UHE;0;1;CALI;C;0;166374.38;Filtro
DAB18267025;025 DA8267KIT;0;1;CALI;C;0;58303.63;Filtro
DAB18271025;025 DA8271KIT;0;1;CALI;C;0;81717.54;Filtro
DAB22666025;025 DA2666UHE;0;1;CALI;C;0;45815.27;Filtro
DAB22690025;025 DA2690UHE;0;1;CALI;C;0;50826.71;Filtro
DAC00002189;189 ALC5101P;0;1;CALI;C;0;7746.86;Filtro
DAC00051189;189 ALC5219P;0;1;CALI;C;0;5446.28;Filtro
DAC00052189;189 ALC5221;0;1;CALI;C;0;6506.76;Filtro
DAC00064189;189 ALC5315/50P;0;1;CALI;C;0;6573.5;Filtro
DAC00067020;020 DAC067;0;1;CALI;C;0;14500;Otros
DAC00085025;025 DAC085;0;1;CALI;C;0;26713.65;Filtro
DAC00087025;025 DAC087;0;1;CALI;C;0;6802;Filtro
DAC00093020;020 DAC093;0;1;CALI;C;0;6797.14;Otros
DAC00094025;025 DAC094;0;1;CALI;C;0;11731.9;Filtro
DAC00097139;139 HQAC3093;0;1;CALI;C;0;5170;Otros
DAC00104189;189 DAC104;0;1;CALI;C;0;1925;Filtro
DAC00115020;020 DAC115;0;1;CALI;C;0;13200;Otros
DAC00121020;020 DAC121;0;1;CALI;C;0;8017.2;Otros
DAC00139020;020 DAC139;0;1;CALI;C;0;7545.6;Otros
DAC00177189;189 DAC177;0;1;CALI;C;0;11307;Filtro
DAC00183020;020 DAC183;0;1;CALI;C;0;11916.24;Otros
DAC00190020;020 DAC190;0;1;CALI;C;0;8000;Otros
DAC00204020;020 DAC204;0;1;CALI;C;0;17000;Otros
DAC00207020;020 DAC207;0;1;CALI;C;0;14040;Otros
DAC00212020;020 DAC212;0;1;CALI;C;0;12628.01;Otros
DAC01083122;122 KAF594;0;1;CALI;C;0;7099.02;Otros
DAC10037020;020 DAC037;0;1;CALI;C;0;9500;Otros
DAC10211020;020 DAC211KIT;0;1;CALI;C;0;24500;Otros
DAE00980136;136 GA980;0;1;CALI;C;0;8800;Otros
DAE00980189;189 GA980;0;1;CALI;C;0;4333.66;Filtro
DAE00991118;118 GA991;0;1;CALI;C;0;10400;Otros
DAE00991136;136 GA991;0;1;CALI;C;0;10725;Otros
DAE01013122;122 KAF595;0;1;CALI;C;0;5754.36;Otros
DAE01038118;118 GA1038;0;1;CALI;C;0;9926;Otros
DAE01096136;136 AIP860;0;1;CALI;C;0;6602.4;Otros
DAE01105136;False;0;1;CALI;C;0;12100;Otros
DAE01137136;136 AIP1024;0;1;CALI;C;0;11205.22;Otros
DAE02520025;025 DA2520;0;1;CALI;C;0;71282.17;Filtro
DAE02848025;025 DA2848;0;1;CALI;C;0;33467.52;Filtro
DAE02952025;025 DA2952;0;1;CALI;C;0;38866.41;Filtro
DAE02953025;025 DA2953;0;1;CALI;C;0;21043.68;Filtro
DAE03266025;025 DA3266;0;1;CALI;C;0;16622.37;Filtro
DAE04103025;025 DA4103;0;1;CALI;C;0;49474.4;Filtro
DAE04144025;025 DA4144;0;2;CALI;C;0;36335.02;Filtro
DAE04241025;025 DA4241;0;1;CALI;C;0;19564.51;Filtro
DAE04520025;025 DA4520;0;1;CALI;C;0;12912.04;Filtro
DAE04985025;025 DA4985;0;1;CALI;C;0;32925.17;Filtro
DAE04988125;125 PA4701;0;1;CALI;C;0;46407.76;Filtro
DAE05088004;004 GA088;0;1;CALI;C;0;9179.2;Filtro
DAE05101136;136 AIP540;0;1;CALI;C;0;19627.4;Otros
DAE05254004;004 GA254;0;1;CALI;C;0;2146.5;Filtro
DAE05867010;010 FA3049;0;1;CALI;C;0;3177.5;Otros
DAE05903115;115 GA903;0;1;CALI;C;0;4801.65;Otros
DAE06001025;025 DA6001;0;1;CALI;C;0;86691.92;Filtro
DAE06268010;010 FA3464;0;1;CALI;C;0;126001.14;Otros
DAE06979115;115 GA979;0;1;CALI;C;0;4171.63;Otros
DAE06979136;136 AIP640;0;1;CALI;C;0;6791.04;Otros
DAE06981115;115 GA981;0;1;CALI;C;0;3183.67;Otros
DAE09066025;025 DA9066;0;1;CALI;C;0;13945.66;Filtro
DAE09140025;025 DA9140;0;1;CALI;C;0;12601.34;Filtro
DAE10981189;189 GA981A;0;1;CALI;C;0;5538.93;Filtro
DAE14120025;025 DA4120A;0;1;CALI;C;0;6086.51;Filtro
DAE61013139;139 HQA0114;0;1;CALI;C;0;5208.12;Otros
DAE61013189;189 ALA8605/5P;0;1;CALI;C;0;5135.26;Filtro
DAE61065136;136 AIP781;0;1;CALI;C;0;21431.68;Otros
DAE61075136;136 AIP820;0;1;CALI;C;0;4927.55;Otros
DAE61083115;115 8200371661;0;1;CALI;C;0;3972.5;Otros
DAE61083136;136 AIP671;0;1;CALI;C;0;9625;Otros
DAP02988025;025 DA2988;0;1;CALI;C;0;69409.47;Filtro
DAP08015025;025 DA8015;0;1;CALI;C;0;64116.17;Filtro
DAP08050025;025 DA8050;0;2;CALI;C;0;110869.74;Filtro
DAP08066025;025 DA8066;0;1;CALI;C;0;42514.16;Filtro
DAP08109025;025 DA8109;0;1;CALI;C;0;19867.1;Filtro
DAP08159025;025 DA8159;0;1;CALI;C;0;30407.73;Filtro
DAP08175025;025 DA8175;0;1;CALI;C;0;136856.74;Filtro
DAP08203109;109 DA8203;0;1;CALI;C;0;295345;Otros
DAP08203136;136 DA8203;0;1;CALI;C;0;170984.92;Otros
DAP09237189;189 DA9237;0;1;CALI;C;0;20549;Filtro
DAR02071025;025 DA2071;0;1;CALI;C;0;8814.19;Filtro
DAR02136025;025 DA2136;0;1;CALI;C;0;48786.75;Filtro
DAR02161025;025 DA2161;0;1;CALI;C;0;42599.78;Filtro
DAR02324025;025 DA2324;0;1;CALI;C;0;51167.86;Filtro
DAR02667025;025 DA2667;0;1;CALI;C;0;65222.5;Filtro
DAR02670025;025 DA2670;0;1;CALI;C;0;31050;Filtro
DAR02996025;025 DA2996;0;1;CALI;C;0;47158.57;Filtro
DAR02997025;025 DA2997;0;1;CALI;C;0;67833.99;Filtro
DAR03080025;025 DA3080;0;1;CALI;C;0;14600;Filtro
DAR03274025;025 DA3274;0;1;CALI;C;0;14861;Filtro
DAR03277025;025 DA3277;0;1;CALI;C;0;38991.88;Filtro
DAR03349025;025 DA3349;0;1;CALI;C;0;29795.42;Filtro
DAR08096025;025 DA8096;0;1;CALI;C;0;50416.13;Filtro
DAR08111025;025 DA8111;0;1;CALI;C;0;32645.14;Filtro
DAR09096025;025 DA9096;0;1;CALI;C;0;40023.35;Filtro
DAR13114025;025 DA3114XX;0;1;CALI;C;0;58183.5;Filtro
DAR18273025;025 DA8273UHE;0;1;CALI;C;0;187311.84;Filtro
DAS07813025;025 DA7813;0;1;CALI;C;0;18434.88;Filtro
DAX02547109;109 G110119;0;1;CALI;C;0;456008;Otros
DAX92021222;222 KL-21;0;1;CALI;C;0;89670.64;Filtro
DCE00088024;024 SFC88;0;1;CALI;C;0;6000;Otros
DCE00175024;024 SFH323016;0;1;CALI;C;0;5691;Otros
DCE00483189;189 ALG7070;0;1;CALI;C;0;11005.14;Filtro
DCE00557136;False;0;1;CALI;C;0;6050;Otros
DCE00633189;189 G633;0;1;CALI;C;0;17699.09;Filtro
DCE00662139;139 FOL010T;0;1;CALI;C;0;6750;Otros
DCE00662186;186 G662;0;1;CALI;C;0;8815;Otros
DCE00868136;136 G868;0;1;CALI;C;0;18150;Otros
DCE00874018;018 HCF0408;0;1;CALI;C;0;6111.94;Otros
DCE00899189;189 G899;0;1;CALI;C;0;21074.47;Filtro
DCE00929136;136 FLP395;0;1;CALI;C;0;11653.62;Otros
DCE01007139;139 G1007;0;1;CALI;C;0;77000;Otros
DCE01008136;136 G1008;0;1;CALI;C;0;49500;Otros
DCE01015024;024 G1015;0;1;CALI;C;0;12138;Otros
DCE01020136;136 G1020;0;1;CALI;C;0;25575;Otros
DCE25955138;138 FBO-60338;0;1;CALI;C;0;406698.25;Filtro
DCS00027010;010 FC2083;0;1;CALI;C;0;4389.31;Otros
DCS00082004;004 GS082;0;1;CALI;C;0;6678;Filtro
DCS00091005;005 8973681131;0;1;CALI;C;0;4060.8;Filtro
DCS00197182;182 FS1242;0;1;CALI;C;0;20859.71;Otros
DCS00242137;137 RC911FM;0;1;CALI;C;0;40566;Filtro
DCS00247136;136 OLP011;0;1;CALI;C;0;14969.41;Otros
DCS00263005;005 5876100110;0;1;CALI;C;0;3451;Filtro
DCS00306136;136 FLP353;0;1;CALI;C;0;7315;Otros
DCS00331189;189 GS331;0;1;CALI;C;0;6967.1;Filtro
DCS00340122;122 KDF9470;0;1;CALI;C;0;8194.63;Otros
DCS00340139;139 GS340;0;1;CALI;C;0;6900;Otros
DCS00342118;118 GS342;0;1;CALI;C;0;26875;Otros
DCS00518139;139 HQF1074;0;1;CALI;C;0;9000;Otros
DCS00540139;139 GS540;0;1;CALI;C;0;25100;Otros
DCS00923139;139 GS923;0;1;CALI;C;0;17500.06;Otros
DCS00924139;139 GS924;0;1;CALI;C;0;17500.36;Otros
DCS10115189;189 ALG2060PFT;0;1;CALI;C;0;7302.16;Filtro
DCS10352137;137 R45-10M;0;1;CALI;C;0;45564.92;Filtro
DCS10499137;137 PFF5551;0;1;CALI;C;0;163489;Filtro
DCS10536138;138 R90-10M;0;1;CALI;C;0;28525;Filtro
DCS10661137;137 R26-10MB-AQII;0;1;CALI;C;0;61728.98;Filtro
DCS10661138;138 R26-10MB;0;1;CALI;C;0;25039.13;Filtro
DCS20536138;138 R90-30M;0;1;CALI;C;0;27353;Filtro
DCX00225137;137 KR5006;0;1;CALI;C;0;195842;Filtro
DCX00355138;138 6600R30;0;1;CALI;C;0;775326;Filtro
DCX00386138;138 40954P;0;1;CALI;C;0;222404.2;Filtro
DCX10115189;189 GX115A;0;1;CALI;C;0;9586;Filtro
DCX20225137;137 KR5005;0;1;CALI;C;0;206841.26;Filtro
DCX30036138;138 500MAM30;0;1;CALI;C;0;455196.81;Filtro
DHE00278024;024 SFH9961941;0;1;CALI;C;0;1;Otros
DHE00317137;137 RP352;0;1;CALI;C;0;7918.84;Filtro
DHS00695109;109 P569206;0;1;CALI;C;0;171823;Otros
DLE00072015;015 TH-PT87S;0;1;CALI;C;0;1;Otros
DLE00229189;189 G229;0;1;CALI;C;0;18045.55;Filtro
DLE00404024;024 SF650550450;0;1;CALI;C;0;1;Otros
DLE00473115;115 26019;0;1;CALI;C;0;7421.1;Otros
DLE00722189;189 ALO8135/50P;0;1;CALI;C;0;3050;Filtro
DLE00725189;189 ALO8155/50P;0;1;CALI;C;0;1;Filtro
DLE00839118;118 G839;0;1;CALI;C;0;10921.91;Otros
DLE00909122;122 KOC0618;0;1;CALI;C;0;9213.18;Otros
DLE00963136;136 G963;0;1;CALI;C;0;10367.5;Otros
DLE00963139;139 O2130;0;1;CALI;C;0;6602.4;Otros
DLE01034189;189 G1034;0;2;CALI;C;0;29866;Filtro
DLS00003010;010 FL1077;0;1;CALI;C;0;5772.86;Otros
DLS00023020;020 FC-2829;0;1;CALI;C;0;1887;Otros
DLS00054189;189 GS054;0;1;CALI;C;0;29607;Filtro
DLS00105011;011 FC5;0;1;CALI;C;0;1;Aceite/Lubricante
DLS00141189;189 GS141;0;1;CALI;C;0;26647;Filtro
DLS00207004;004 GS207;0;1;CALI;C;0;10123;Filtro
DLS00278189;189 GS278;0;2;CALI;C;0;16208.44;Filtro
DLS00489189;189 GS489;0;1;CALI;C;0;3799;Filtro
DLS10032010;010 FL1547;0;1;CALI;C;0;4399.16;Otros
DLS10286182;182 LF14000NN;0;1;CALI;C;0;99800;Otros
DLS10286189;189 GS286A;0;2;CALI;C;0;53232.08;Filtro
DRL2000V034;034 TEKCOOL2000V-C12L;0;1;CALI;C;0;2978.88;Aceite/Lubricante
DRP2000R034;034 2000R-20K;0;1;CALI;C;0;36671;Aceite/Lubricante
